MEDIAN SALES PRICE OF EXISTING CONDO and CO-OP HOMES ,,,,,,,,,,,,,,,,,,,,,,,,,,,,,,,,,,,,,,,,,,,,,,,,,,,,,,,,,,,,,,,,,,,,,,,,,,,,,,,,,,,,,,,,,,,,,,,,,,,,,,,,,,,,,,,,,,,,,,,,,,,,,,,,,,,
"FOR METROPOLITAN AREAS: QUARTERLY, 1989 - current",,,,,,,,,,,,,,,,,,,,,,,,,,,,,,,,,,,,,,,,,,,,,,,,,,,,,,,,,,,,,,,,,,,,,,,,,,,,,,,,,,,,,,,,,,,,,,,,,,,,,,,,,,,,,,,,,,,,,,,,,,,,,,,,,,,
(Not Seasonally Adjusted in Thousands of Dollars),,,,,,,,,,,,,,,,,,,,,,,,,,,,,,,,,,,,,,,,,,,,,,,,,,,,,,,,,,,,,,,,,,,,,,,,,,,,,,,,,,,,,,,,,,,,,,,,,,,,,,,,,,,,,,,,,,,,,,,,,,,,,,,,,,,
,,,,,,,,,,,,,,,,,,,,,,,,,,,,,,,,,,,,,,,,,,,,,,,,,,,,,,,,,,,,,,,,,,,,,,,,,,,,,,,,,,,,,,,,,,,,,,,,,,,,,,,,,,,,,,,,,,,,,,,,,,,,,,,,,,,
Existing Home Sales Program © 2021,,,,,,,,,,,,,,,,,,,,,,,,,,,,,,,,,,,,,,,,,,,,,,,,,,,,,,,,,,,,,,,,,,,,,,,,,,,,,,,,,,,,,,,,,,,,,,,,,,,,,,,,,,,,,,,,,,,,,,,,,,,,,,,,,,,
National Association of REALTORS ® Research Team,,,,,,,,,,,,,,,,,,,,,,,,,,,,,,,,,,,,,,,,,,,,,,,,,,,,,,,,,,,,,,,,,,,,,,,,,,,,,,,,,,,,,,,,,,,,,,,,,,,,,,,,,,,,,,,,,,,,,,,,,,,,,,,,,,,
"500 New Jersey Avenue, Washington, DC 20001",,,,,,,,,,,,,,,,,,,,,,,,,,,,,,,,,,,,,,,,,,,,,,,,,,,,,,,,,,,,,,,,,,,,,,,,,,,,,,,,,,,,,,,,,,,,,,,,,,,,,,,,,,,,,,,,,,,,,,,,,,,,,,,,,,,
"Existing Home Sales data are provided by NAR solely for use as a reference. No part of the data may be reproduced, stored in a retrieval system, transmitted or",,,,,,,,,,,,,,,,,,,,,,,,,,,,,,,,,,,,,,,,,,,,,,,,,,,,,,,,,,,,,,,,,,,,,,,,,,,,,,,,,,,,,,,,,,,,,,,,,,,,,,,,,,,,,,,,,,,,,,,,,,,,,,,,,,,
"redistributed in any form or by any means, electronic, mechanical, photocopying, recording or otherwise, without NAR's prior written consent. ",,,,,,,,,,,,,,,,,,,,,,,,,,,,,,,,,,,,,,,,,,,,,,,,,,,,,,,,,,,,,,,,,,,,,,,,,,,,,,,,,,,,,,,,,,,,,,,,,,,,,,,,,,,,,,,,,,,,,,,,,,,,,,,,,,,
,,,,,,,,,,,,,,,,,,,,,,,,,,,,,,,,,,,,,,,,,,,,,,,,,,,,,,,,,,,,,,,,,,,,,,,,,,,,,,,,,,,,,,,,,,,,,,,,,,,,,,,,,,,,,,,,,,,,,,,,,,,,,,,,,,,
,CBSAID,MSA ID,MSA Name,1989:I,1989:II,1989:III,1989:IV,1990:I,1990:II,1990:III,1990:IV,1991:I,1991:II,1991:III,1991:IV,1992:I,1992:II,1992:III,1992:IV,1993:I,1993:II,1993:III,1993:IV,1994:I,1994:II,1994:III,1994:IV,1995:I,1995:II,1995:III,1995:IV,1996:I,1996:II,1996:III,1996:IV,1997:I,1997:II,1997:III,1997:IV,1998:I,1998:II,1998:III,1998:IV,1999:I,1999:II,1999:III,1999:IV,2000:I,2000:II,2000:III,2000:IV,200I:I,200I:II,200I:III,200I:IV,2002:I,2002:II,2002:III,2002:IV,2003:I,2003:II,2003:III,2003:IV,2004:I,2004:II,2004:III,2004:IV,2005:I,2005:II,2005:III,2005:IV ,2006.I ,2006.II ,2006.III ,2006.IV ,2007.I ,2007.II ,2007.III ,2007.IV ,2008.I ,2008.II ,2008.III ,2008.IV ,2009.I,2009.II,2009.III,2009.IV,2010.I ,2010.II ,2010.III,2010.IV,2011.I,2011.II,2011.III,2011.IV,2012.I,2012.II,2012.III,2012.IV,2013.I,2013.II,2013.III,2013.IV,2014.I,2014.II,2014.III,2014.IV,2015.I,2015.II,2015.III,2015.IV,2016.I,2016.II,2016.III,2016.IV,2017.I,2017.II,2017.III,2017.IV,2018.I,2018.II,2018.III,2018.IV,2019.I,2019.II,2019.III,2019.IV,2020.I,2020.II,2020.III,2020.IV
,,,U.S.,,,,,,,,,,,,,,,,,,,,,,,,,,,,,,,,,,,,,,,,,108.8,109.7,111.9,109.8,113.3,113.8,116.7,113.0,121.7,125.5,129.0,128.1,140.4,146.9,148.6,151.1,158.4,169.6,172.9,173.0,183.5,196.0,204.1,202.0,213.1,226.4,227.6,225.7,222.2,224.5,222.5,221.2,223.7,226.9,227.0,221.0,216.6,220.6,210.5,186.2,170.8,176.6,178.4,175.4,170.6,175.3,171.4,163.5,152.1,165.6,167.8,160.4,156.2,178,178.4,178.2,172.7,199.3,205.5,196.9,190.6,210.8,211,202,193.5,216.7,215.2,209.3,204.2,227.2,225.1,222,218.8,239.6,238.6,237.1,231.6,246.6,243.7,238,237.5,255,251.9,250.2,253.9,260.2,271.6,272.3
,,,NE,,,,,,,,,,,,,,,,,,,,,,,,,,,,,,,,,,,,,,,,,110.2,107.6,114.7,106.2,108.9,106.8,114.1,104.8,116.5,118.0,123.1,124.3,137.7,149.4,151.2,145.3,163.6,187.1,188.0,177.4,198.4,212.5,221.2,217.8,228.8,245.8,253.0,248.1,247.2,255.6,248.9,252.1,253.0,263.0,259.0,247.9,250.1,257.2,259.4,231.6,220.0,235.6,237.9,228.7,232.4,241.1,251.1,235.4,231.9,245.3,248.0,225.6,217.7,247,249.9,239.7,225,257.9,266.2,246.4,242.8,263.5,268.7,244.2,228.2,259.2,259.3,244.9,235.9,265.1,265.5,258.6,249.7,277.3,279.4,274.3,267.8,289.9,291.2,278.4,274.4,303.9,302.2,292.9,303.8,308.8,318.8,318.4
,,,MW,,,,,,,,,,,,,,,,,,,,,,,,,,,,,,,,,,,,,,,,,107.5,113.2,114.8,117.6,113.8,119.3,123.7,125.5,126.6,132.6,137.9,139.2,139.2,148.3,149.0,160.2,150.5,157.3,163.5,170.9,168.0,177.1,185.1,183.8,189.5,187.3,190.0,191.4,192.1,190.0,192.2,195.6,194.3,196.2,198.9,193.4,196.2,200.0,189.1,173.9,155.3,158.7,158.0,156.9,153.0,155.4,149.7,139.7,129.1,134.5,132.7,120.1,115.1,131.8,132,125.3,119.6,141.2,146.6,138.2,133.2,154.4,153.8,146.3,145.2,162.7,162,154.3,153.1,171.4,167.7,165.7,164.6,181.1,177.8,172.8,171.2,185,178.8,171.3,175.5,190.8,185.5,181.2,181.9,192.8,198.2,191
,,,SO,,,,,,,,,,,,,,,,,,,,,,,,,,,,,,,,,,,,,,,,,83.8,79.9,79.9,79.5,88.4,82.8,83.8,82.4,93.7,90.6,93.3,94.6,109.7,105.2,110.8,115.4,126.0,122.9,125.9,132.5,146.0,152.5,161.2,162.9,177.1,192.1,188.8,190.8,187.6,181.4,183.2,178.5,180.1,177.7,183.0,180.7,172.9,176.3,164.6,149.2,130.0,131.8,133.8,133.3,116.5,124.1,116.8,108.0,94.8,114.7,111.6,111.7,111.2,128.8,122.3,130.8,132.1,151.4,155,150.5,144.3,158,157.2,155.7,152.3,166.6,164.6,163.6,162.6,175.6,173.2,176.2,175.2,189.1,187.1,182.7,176,189,184,186.7,185.7,196.2,194,195.8,198.4,204.7,215.2,220.1
,,,WE,,,,,,,,,,,,,,,,,,,,,,,,,,,,,,,,,,,,,,,,,142.0,141.9,134.2,145.2,145.0,153.7,138.5,154.0,152.8,167.3,147.4,171.0,184.3,188.0,171.8,202.1,202.8,226.9,207.1,240.4,239.3,254.8,249.2,275.5,273.1,291.7,285.2,282.9,268.5,272.9,264.0,257.6,265.5,269.4,263.0,251.4,235.4,239.8,214.5,178.5,167.5,162.7,166.9,162.6,156.0,162.9,152.5,146.7,133.2,148,166,177.9,170,191.9,208.7,217.2,220.1,246.4,262.4,264.2,263.4,277.6,274.3,277.4,282.3,298.9,294.7,296.7,301.9,327.1,330.4,320.9,320.2,347.1,350.4,360.8,360,369.7,364.5,356.3,357,372.2,369,379.1,378.3,372.4,396.7,404.9
,,,,,,,,,,,,,,,,,,,,,,,,,,,,,,,,,,,,,,,,,,,,,,,,,,,,,,,,,,,,,,,,,,,,,,,,,,,,,,,,,,,,,,,,,,,,,,,,,,,,,,,,,,,,,,,,,,,,,,,,,,,,,,,,,,,
1,10740,200,"Albuquerque, NM                                                                                                                                                 ",N/A,N/A,N/A,N/A,77.9,76.8,74.4,75.3,70.9,73.0,75.1,74.0,76.9,76.8,78.9,78.3,75.4,79.5,78.5,80.4,87.0,83.1,87.7,90.4,87.6,95.6,95.6,96.8,100.6,102.3,98.3,97.1,95.0,94.2,95.2,93.6,94.2,94.6,107.9,90.6,104.0,98.6,N/A,99.4,98.9,94.7,95.0,100.4,N/A,99.5,101.1,101.0,100.0,95.5,100.0,101.4,N/A,105.5,104.4,99.2,103.6,111.4,109.6,110.4,113.4,125.4,126.7,125.1,124.8,142.3,153.3,138.4,147.1,151.1,151.0,146.3,154.1,149.5,142.0,158.9,150.4,149.2,139.3,139.7,144.2,145.5,136.3,142.9,N/A,N/A,N/A,N/A,N/A,N/A,N/A,N/A,N/A,N/A,N/A,N/A,N/A,N/A,N/A,N/A,N/A,N/A,N/A,N/A,N/A,N/A,N/A,N/A,N/A,N/A,N/A,N/A,150.4,155.5,149,155.5,149.5,140,164.5,169.7,172.4,168.3,180.6,179.3
2,12060,520,"Atlanta-Sandy Springs-Marietta, GA                                                                                                                              ",N/A,N/A,N/A,N/A,N/A,N/A,N/A,N/A,N/A,N/A,N/A,N/A,66.8,61.0,64.3,54.7,59.4,66.7,59.3,63.0,59.8,63.8,59.7,60.6,60.3,64.4,62.2,63.4,65.9,66.2,66.4,67.6,69.0,70.2,72.6,74.8,73.6,77.6,76.3,88.1,106.0,113.8,N/A,110.0,111.8,118.4,125.3,125.5,137.6,145.2,142.2,145.8,140.5,151.0,153.7,150.4,152.4,142.3,151.4,150.8,139.3,145.6,144.0,145.1,146.5,154.3,153.7,151.5,151.2,146.5,155.6,160.3,155.8,149.9,147.8,141.1,N/A,N/A,N/A,N/A,N/A,N/A,N/A,N/A,N/A,N/A,N/A,N/A,N/A,38.7,41.6,43.3,54.1,50,85.6,85.6,96.4,111.6,129.5,125.3,114.1,139.1,139.7,146.6,146.5,160.4,159.8,156.3,154.5,170,168.8,173.1,174.4,181.5,182.6,186.6,188.5,199.1,198.8,194.7,200.5,208.9,207.9,206.7,213.2,218.2,224.3,232.5
3,12420,640,"Austin-Round Rock, TX                                                                                                                                           ",N/A,N/A,N/A,N/A,N/A,N/A,N/A,N/A,N/A,N/A,N/A,N/A,N/A,N/A,N/A,N/A,N/A,N/A,N/A,N/A,N/A,N/A,N/A,N/A,N/A,N/A,N/A,N/A,N/A,N/A,N/A,N/A,N/A,N/A,N/A,N/A,84.7,82.3,81.1,88.4,93.0,86.0,N/A,89.4,N/A,N/A,N/A,N/A,N/A,N/A,N/A,N/A,N/A,N/A,N/A,N/A,129.7,125.3,121.0,132.9,130.6,134.2,126.3,132.4,141.8,138.9,132.3,137.3,147.7,149.8,144.0,160.9,169.0,172.1,171.7,173.2,176.3,175.3,175.0,155.1,143.5,156.7,154.2,147.0,146.0,158.6,160.7,165.1,160.5,174.0,165.2,173.4,174.5,185.4,178.2,192.2,187.4,195.7,195.7,208.2,215.3,212.7,208.4,225.6,214.4,233,224.1,235.2,212.4,232.2,222.8,239.6,238.1,242.5,239.7,246.8,256.7,265.8,247.4,272.6,256.3,270.1,269.2,291.5,290.4,286.4,292.4,314.1
4,12580,720,"Baltimore-Columbia-Towson, MD                                                                                                                                      ",N/A,N/A,N/A,N/A,N/A,N/A,N/A,N/A,N/A,N/A,N/A,N/A,N/A,N/A,N/A,N/A,N/A,N/A,N/A,N/A,N/A,N/A,N/A,N/A,N/A,N/A,N/A,N/A,N/A,N/A,N/A,N/A,N/A,N/A,N/A,N/A,N/A,N/A,N/A,N/A,N/A,N/A,N/A,N/A,N/A,80.1,78.4,64.0,70.2,84.2,85.1,79.2,79.8,81.8,110.3,121.2,119.0,135.9,142.9,144.0,153.3,171.3,180.9,186.1,198.0,219.0,225.9,226.6,238.6,234.4,234.4,234.9,239.3,237.9,241.1,235.5,227.1,228.7,229.9,222.8,213.3,210.8,204.5,206.2,202.5,197.0,210.1,204.6,180.3,185.3,184.6,179.3,177.4,188.6,188,188,181.7,197.6,203.9,195.7,185.2,203.4,198.2,193,182.1,193.2,201,194,186.5,207.7,202.9,204.8,201.1,206.1,214.9,203.6,195.5,210.1,212.2,204.5,203.1,222.1,220.8,212.7,215.3,222.6,236.2,231.4
5,12700,730,"Barnstable Town, MA",,,,,,,,,,,,,,,,,,,,,,,,,,,,,,,,,,,,,,,,,,,,,,,,,,,,,,,,,,,,,,,,,,,,,,,,,,,,,,,,,,,234.3,259.8,237.9,238.4,244.2,229.8,171.1,197.0,215.9,222,189.9,220.6,181.6,181.6,174.9,224.3,224.9,189.9,184.2,212.4,240.5,191.8,209.8,233.6,232.9,201.2,208.1,256.4,248.6,266.2,245,267,281,284.8,273.4,293.2,274.4,297.5,268.2,284.1,305.1,281.4,301.7,308.4,344.6,386.4
6,13900,1010,"Bismarck, ND",49.2,48.8,52.8,48.3,50.0,50.9,51.1,54.3,46.2,55.0,58.8,55.5,60.0,46.8,56.1,47.7,55.0,65.8,57.4,59.4,67.9,58.7,70.0,69.1,62.5,60.0,66.6,60.0,66.6,67.1,70.0,62.5,58.5,75.0,76.9,70.5,66.3,76.1,72.7,65.5,76.4,75.9,80.0,76.6,75.5,77.4,85.8,90.0,94.0,78.7,82.0,75.0,80.0,75.0,85.0,77.4,94.3,96.2,80.0,95.0,93.7,98.3,100.7,107.7,100.0,99.4,105.0,105.7,97.4,110.0,109.0,103.5,91.6,122.9,133.3,124.9,124.9,128.5,125.9,131.0,127.7,126.0,119.0,124.6,130.0,128.5,121.3,126.4,129.0,135.5,135.5,126.6,145.9,137.4,151.8,151.8,154.9,157.6,152.4,168.8,159.2,158.5,183.9,194.9,171.4,169.9,182.3,180.0,180.0,168.1,146.3,165.9,168.9,167.2,186.2,171.4,168.7,168.9,181.9,163.3,167.4,168.9,163.8,156.6,149.9,163.9,164.7,160.0
7,14460,1120,"Boston-Cambridge-Newton, MA-NH                                                                                                                               ",N/A,N/A,N/A,N/A,N/A,N/A,N/A,N/A,N/A,N/A,N/A,N/A,N/A,N/A,N/A,N/A,N/A,N/A,N/A,N/A,N/A,N/A,N/A,N/A,N/A,N/A,N/A,N/A,N/A,N/A,N/A,N/A,N/A,N/A,N/A,N/A,N/A,N/A,N/A,N/A,N/A,N/A,N/A,N/A,N/A,N/A,N/A,N/A,N/A,N/A,N/A,N/A,204.4,227.6,235.4,231.5,226.6,255.2,261.0,252.9,254.1,282.9,292.7,282.5,289.8,303.2,306.5,291.7,294.0,304.7,300.8,290.0,292.7,316.4,316.0,296.9,287.8,306.3,307.0,272.9,232.9,277.4,293.7,267.3,271.4,290.1,308.0,282.6,265.0,311.8,313.8,280.5,271.4,322.8,304.1,304.1,289,333.1,339.6,325.8,325.1,349.4,343.3,329.1,331,360.4,359.3,346.3,340.8,378.5,379.6,364,373.1,401.2,396,392.8,407.8,432.8,425.8,399.2,404.6,453.7,439.3,432.8,453.5,465.1,468.9,448.1
8,14500,1125,"Boulder, CO                                                                                                                                                     ",N/A,N/A,N/A,N/A,N/A,N/A,N/A,N/A,N/A,N/A,N/A,N/A,N/A,N/A,N/A,N/A,N/A,N/A,N/A,N/A,N/A,N/A,N/A,N/A,N/A,N/A,N/A,N/A,N/A,N/A,N/A,N/A,N/A,N/A,N/A,N/A,N/A,N/A,N/A,N/A,N/A,N/A,N/A,N/A,N/A,N/A,N/A,N/A,168.9,185.5,182.2,N/A,188.8,192.8,193.7,190.5,186.7,N/A,188.5,191.3,N/A,198.1,191.9,199.2,206.2,212.7,205.5,207.4,206.2,224.9,204.9,214.6,215.4,217.1,209.4,212.7,214.2,215.9,217.0,204.8,205.5,204.0,207.0,194.1,212.5,200.0,211.3,211.6,201.9,224.9,209.9,209,216.9,222.1,216.6,216.6,215.4,223.1,237.4,231.2,221.4,232.9,236.5,230.7,254.9,268.5,272.2,285,330.1,347,347.9,339.8,351.9,369.5,363.2,357.2,397.7,394.4,378.2,385.1,394.6,389.2,388.9,387.4,422.7,395.4,406.6,426.4
9,14860,1160,"Bridgeport-Stamford-Norwalk, CT                                                                                                                                 ",N/A,N/A,N/A,N/A,N/A,N/A,N/A,N/A,N/A,N/A,N/A,N/A,N/A,N/A,N/A,N/A,N/A,N/A,N/A,N/A,N/A,N/A,N/A,N/A,N/A,N/A,N/A,N/A,N/A,N/A,N/A,N/A,N/A,N/A,N/A,N/A,N/A,N/A,N/A,N/A,N/A,N/A,N/A,N/A,N/A,N/A,N/A,N/A,N/A,N/A,N/A,N/A,174.7,196.7,195.3,188.5,199.3,219.3,228.9,221.8,226.6,236.2,239.7,241.8,259.6,N/A,265.0,256.0,275.7,254.7,283.7,250.6,258.2,283.0,274.5,260.1,N/A,261.7,270.8,232.9,N/A,233.3,242.0,238.4,237.8,247.1,238.4,236.7,224.9,202.8,223.9,195.4,182.6,224.9,213.6,213.6,193.5,227.1,236.7,211.5,204.7,221.3,249.3,219,194.7,228.8,231.7,203.9,191.2,231,229.6,224.5,202.5,239.6,250,238.2,226.3,260.4,250.4,232.8,242.6,243.3,247,245.3,255,259.7,281.3,279.2
10,15980,2700,"Cape Coral-Fort Myers, FL                                                                                                                                       ",N/A,N/A,N/A,N/A,N/A,N/A,N/A,N/A,N/A,N/A,N/A,N/A,N/A,N/A,N/A,N/A,N/A,N/A,N/A,N/A,N/A,N/A,N/A,N/A,N/A,N/A,N/A,N/A,N/A,N/A,N/A,N/A,N/A,N/A,N/A,N/A,N/A,N/A,N/A,N/A,N/A,N/A,N/A,N/A,N/A,N/A,N/A,N/A,N/A,N/A,N/A,N/A,N/A,N/A,N/A,N/A,N/A,N/A,N/A,N/A,164.8,177.6,152.5,197.0,N/A,N/A,243.7,263.8,323.0,322.5,265.7,226.9,265.3,219.4,219.8,167.9,200.0,197.5,182.5,141.0,125.00,122.80,107.3,108.5,112.9,115.0,94.0,105.0,115.5,126.7,111.9,110,134,142.5,120,135,136,152.5,142.5,150,160,167.8,164.5,168.8,172,182,175,177.8,180,185,175,184,190,195,178,184,190,195,185,192.5,190,200,182.5,194.4,205,202.8,205,222
11,16980,1600,"Chicago-Naperville-Elgin, IL-IN-WI                                                                                                                             ",N/A,N/A,N/A,N/A,N/A,N/A,N/A,N/A,N/A,N/A,N/A,N/A,N/A,N/A,N/A,N/A,N/A,N/A,N/A,N/A,N/A,N/A,N/A,N/A,N/A,N/A,N/A,N/A,N/A,N/A,N/A,N/A,N/A,N/A,N/A,N/A,N/A,N/A,N/A,N/A,N/A,N/A,N/A,N/A,N/A,N/A,N/A,N/A,N/A,N/A,N/A,N/A,158.9,167.3,171.8,169.8,169.5,178.5,182.7,181.8,181.7,190.8,193.6,194.2,207.4,210.8,216.7,214.0,216.9,223.2,226.0,222.0,223.8,232.4,236.8,236.3,239.4,244.3,237.2,209.4,195.7,202.7,199.6,183.9,175.6,186.3,167.3,153.1,133.2,145.4,144.1,119.4,118.2,140.3,123.7,123.7,116.9,152.7,160.5,143.2,138.9,175.1,174.1,156.1,163.8,191.2,185.1,166.3,171.1,197.9,189.9,180.1,185.1,207.3,199.4,187.1,197.9,212.4,199.5,191.1,195.8,216.8,207.2,197.5,202.4,218.4,219.7,210.1
12,17140,1640,"Cincinnati, OH-KY-IN",N/A,N/A,N/A,N/A,N/A,N/A,N/A,N/A,N/A,N/A,N/A,N/A,N/A,N/A,N/A,N/A,N/A,N/A,N/A,N/A,N/A,N/A,N/A,N/A,75.7,76.4,76.7,78.3,76.0,81.4,81.7,78.3,82.4,80.8,85.4,84.3,80.0,85.4,85.3,87.0,N/A,89.3,N/A,91.7,90.1,95.4,93.8,96.5,93.2,95.7,96.0,101.3,N/A,103.0,102.2,98.1,105.5,108.3,N/A,N/A,110.7,N/A,115.2,N/A,N/A,116.7,119.5,127.2,122.6,130.0,114.8,122.0,121.5,123.6,117.5,125.6,117.3,122.4,117.3,122.5,116.2,111.8,119.7,113.0,111.2,121.5,119.8,110.4,89.8,110.2,109.4,104.4,100.3,102.2,106.7,106.7,108.1,109,112.4,107.1,102.7,112.4,113.4,111.4,108.1,109.7,110.8,107.2,110.2,119.2,114.3,116,111.9,122.1,124.3,123.4,127.5,133.6,132,121.5,129.3,137.6,139.3,135.2,147.8,146.6,151,151
13,17460,1680,"Cleveland-Elyria, OH",N/A,N/A,N/A,N/A,N/A,N/A,N/A,N/A,N/A,N/A,N/A,N/A,N/A,N/A,N/A,N/A,N/A,N/A,N/A,N/A,N/A,N/A,N/A,N/A,N/A,N/A,N/A,N/A,N/A,N/A,N/A,N/A,N/A,N/A,N/A,N/A,N/A,N/A,N/A,N/A,N/A,N/A,N/A,N/A,N/A,N/A,N/A,N/A,N/A,N/A,N/A,N/A,N/A,N/A,N/A,N/A,N/A,N/A,N/A,N/A,N/A,N/A,N/A,117.4,115.3,122.4,123.7,139.5,122.6,129.7,121.9,126.7,117.6,127.4,123.4,120.0,N/A,N/A,N/A,N/A,N/A,N/A,N/A,N/A,N/A,N/A,N/A,N/A,N/A,N/A,N/A,N/A,N/A,N/A,N/A,N/A,N/A,N/A,N/A,N/A,N/A,N/A,N/A,N/A,N/A,N/A,N/A,N/A,N/A,N/A,N/A,N/A,N/A,N/A,N/A,N/A,N/A,N/A,121.4,116,112.2,124.6,120.6,120.2,114.7,127.5,130.5,130.6
14,17820,1720,"Colorado Springs, CO                                                                                                                                            ",N/A,N/A,N/A,N/A,N/A,N/A,N/A,N/A,N/A,N/A,N/A,N/A,N/A,N/A,N/A,N/A,57.3,59.8,60.0,62.1,66.1,66.2,65.2,67.4,76.6,79.3,79.7,84.7,82.5,87.7,81.6,83.1,81.8,82.9,88.3,84.2,88.7,89.2,92.8,88.9,95.3,95.7,N/A,97.1,N/A,N/A,N/A,N/A,N/A,N/A,N/A,N/A,N/A,N/A,N/A,N/A,N/A,N/A,N/A,N/A,N/A,N/A,N/A,140.6,133.5,145.7,136.9,144.3,132.9,148.4,154.8,149.6,151.9,149.9,159.0,144.6,141.8,142.2,148.5,140.0,132.3,142.5,129.2,134.8,128.7,135.6,133.5,128.1,128.4,120.4,131.2,120.3,127,124.8,131.1,131.1,132.9,137.2,145.5,132,132.6,147.7,150.3,145.4,143.7,151.9,156.1,154.7,160.1,167.3,172.4,167.9,176.8,184.9,193.9,192.6,205.8,215,219.9,215.3,215.5,230.3,236.8,231.7,232.7,238.4,247,243.3
15,18140,1840,"Columbus, OH                                                                                                                                                    ",N/A,N/A,N/A,N/A,N/A,57.8,57.1,56.5,56.3,62.2,56.6,59.4,64.7,60.3,61.6,62.4,62.9,80.0,80.7,92.5,70.8,75.0,91.8,71.1,70.0,79.3,69.2,60.9,68.7,80.3,81.3,79.3,N/A,76.4,79.4,81.0,82.0,80.5,80.2,85.3,84.4,86.9,N/A,90.2,81.0,87.4,95.0,96.6,93.0,95.4,91.8,99.3,97.2,106.8,106.3,110.7,107.4,118.4,116.1,122.2,121.0,124.4,129.0,128.0,121.6,133.1,132.8,127.2,127.1,140.1,123.9,124.7,123.6,133.0,129.2,131.9,132.0,121.0,129.4,118.9,117.3,118.1,122.3,118.3,114.1,130.7,120.9,109.1,101.8,106.2,111.7,101.4,98.7,113.4,110.1,110.1,106.3,122.5,125.2,115.4,118,128.6,128.6,124.4,121.9,135.5,135,129.7,129.9,139.9,137.7,143.5,138.2,149.7,154.9,152.9,152.7,166,162,158.1,161.5,171.8,171.9,172,171.3,181.9,194,190.9
16,19100,1920,"Dallas-Fort Worth-Arlington, TX                                                                                                                                 ",37.8,38.5,38.0,31.2,37.5,39.4,35.1,34.6,32.1,35.3,37.8,30.0,35.7,45.3,43.9,41.7,44.3,47.0,47.9,58.2,54.0,55.4,52.8,52.2,54.0,55.4,55.6,53.4,52.8,58.5,61.7,63.3,62.2,66.1,66.1,64.9,N/A,N/A,N/A,N/A,N/A,N/A,N/A,N/A,83.5,N/A,77.0,79.8,84.7,87.7,87.8,87.0,89.0,94.4,92.1,93.7,98.0,99.7,99.9,97.1,98.8,105.3,104.8,109.6,106.5,115.4,109.7,115.4,112.8,118.7,117.8,124.9,124.4,133.2,134.9,131.0,133.5,136.9,149.9,149.5,127.1,137.8,131.3,124.4,130.3,135.3,135.2,129.2,116.6,131.5,125.4,129.2,133.6,146.2,145.7,145.7,147.4,163.9,152.6,158.1,157.7,162.6,139.7,142.4,146.5,148.6,152.9,145.1,158.1,168.8,173.9,168.3,171.4,196.7,186.2,185.3,191.5,201.7,178.7,192.4,186.9,202.1,190.6,194.2,202.1,196.3,199.5,201.5
17,20524,5190,"Dutchess County-Putnam County, NY                                                                                                                                               ",N/A,N/A,N/A,N/A,N/A,N/A,N/A,N/A,N/A,N/A,N/A,N/A,N/A,N/A,N/A,N/A,N/A,N/A,N/A,N/A,N/A,N/A,N/A,N/A,N/A,N/A,N/A,N/A,N/A,N/A,N/A,N/A,N/A,N/A,N/A,N/A,N/A,N/A,N/A,N/A,N/A,N/A,N/A,N/A,N/A,N/A,N/A,N/A,N/A,N/A,N/A,N/A,117.6,142.4,152.7,166.4,143.8,170.2,186.6,192.0,163.6,208.4,207.3,232.7,199.7,236.3,251.5,260.7,222.1,253.0,250.8,258.7,217.4,245.7,243.5,246.7,217.3,230.7,227.9,236.4,192.5,216.1,215.6,227.5,191.0,224.3,221.7,239.4,192.4,211.7,214.7522615,206.3198371,183.6666667,197.5747423,198.7972862,209.5576375,182.6375,196.128866,206.8174342,216.6628106,177.2541667,214.5,207.5,220.8,190,176.6,207.5,192.5,200,200,187.4,184.9,205.3,197.9,196.6,200,214.2,221.6,209.5,205.6,206.1,186.1,201.5,194.7,204.9,189.4,207.8,217.3
18,24660,3120,"Greensboro-High Point, NC                                                                                                                                       ",N/A,N/A,N/A,N/A,48.3,49.1,48.7,47.4,53.7,52.6,52.1,57.4,47.8,48.6,58.4,56.9,50.0,63.6,67.3,61.8,62.2,63.9,66.2,66.0,66.6,70.1,66.9,68.7,69.5,72.2,72.3,68.5,67.5,77.3,73.5,78.7,74.2,75.7,76.2,75.1,N/A,N/A,N/A,N/A,87.4,82.5,84.4,93.1,85.6,92.0,87.6,90.7,97.3,92.7,96.7,97.3,95.2,98.3,99.1,98.4,101.9,100.6,102.0,103.1,95.8,108.5,105.3,109.0,108.0,109.9,113.0,119.1,112.1,116.4,121.6,116.7,114.7,109.6,112.6,107.9,106.7,109.6,N/A,N/A,N/A,N/A,60.0,66.6,68.6,63.7,56.6,50.8,50,61,64,64,69.2,74.3,68.8,61.9,52.7,66.1,67.6,64.9,65.3,72.4,65.5,73.7,68.7,73.4,75.4,79.5,76.1,80.9,80.4,74.9,77.9,81.6,81.2,78.3,82.8,84.7,88.4,87.9,88.2,91.7,96.9,103.5
19,25540,3280,"Hartford-West Hartford-East Hartford, CT                                                                                                                        ",N/A,N/A,N/A,N/A,N/A,N/A,N/A,N/A,N/A,N/A,N/A,N/A,N/A,N/A,N/A,N/A,N/A,N/A,N/A,N/A,N/A,N/A,N/A,N/A,N/A,N/A,N/A,N/A,N/A,N/A,N/A,N/A,N/A,N/A,N/A,N/A,N/A,N/A,N/A,N/A,N/A,N/A,N/A,N/A,N/A,N/A,N/A,N/A,90.3,95.8,96.7,100.4,105.5,106.5,111.0,115.4,118.6,N/A,125.8,128.0,131.7,140.0,145.2,147.9,142.0,168.7,164.8,163.9,168.6,166.4,174.1,170.9,164.1,176.3,176.1,180.5,171.6,173.1,172.9,163.8,162.9,169.8,166.3,163.7,167.3,164.4,174.2,166.2,164.2,169.9,167.7,152.3,143.9,152.7,157.4,157.4,140,156.6,152,147.9,144.6,158.9,151.7,142.8,140.6,151.1,157.1,140.9,137.2,150.1,149.9,145.4,133.5,147.3,152.5,145.8,136.2,149,146.9,140,140,149.3,143.3,151.6,143.7,156.7,160.2,169.5
20,26420,3360,"Houston-The Woodlands-Sugar Land, TX                                                                                                                              ",N/A,N/A,N/A,N/A,N/A,N/A,N/A,N/A,N/A,N/A,N/A,N/A,N/A,N/A,N/A,N/A,N/A,N/A,N/A,N/A,N/A,N/A,N/A,N/A,N/A,N/A,N/A,N/A,N/A,N/A,N/A,N/A,N/A,N/A,N/A,N/A,N/A,N/A,N/A,N/A,N/A,N/A,N/A,N/A,N/A,N/A,N/A,N/A,N/A,N/A,N/A,N/A,N/A,N/A,90.0,89.5,N/A,93.9,99.3,96.8,101.6,113.4,107.3,110.4,114.0,114.0,115.6,121.8,116.7,120.7,119.6,128.2,127.5,128.7,124.1,135.5,128.8,141.4,134.1,124.5,126.4,137.6,130.2,129.4,122.2,133.1,119.1,123.6,109.1,129.2,119.3,134.2,123.5,138.3,142.4,142.4,134.9,141.7,145.2,145.8,142.1,152.3,149.1,152.8,144.1,152.7,152.2,147.4,147.3,160.1,137.8,165.7,144.8,171.6,150.2,155.1,161.7,174,164.1,162.2,160.8,167.5,169.5,172.9,171.5,180.7,178.9,183.6
21,26900,3480,"Indianapolis-Carmel-Anderson, IN                                                                                                                                       ",68.4,68.2,67.1,68.6,66.6,74.4,65.6,70.1,65.0,70.1,68.4,73.2,68.4,71.8,75.2,69.7,73.8,69.8,76.1,74.4,76.2,74.1,71.5,77.1,77.4,78.6,77.1,78.6,80.1,79.1,81.4,85.0,85.2,83.6,83.5,90.0,86.8,89.4,87.7,90.7,90.1,94.4,N/A,91.9,92.3,93.8,95.7,96.6,96.3,98.0,101.9,102.8,101.7,104.4,107.9,105.4,107.5,106.2,113.1,111.5,113.3,113.5,122.2,116.6,115.3,120.5,123.2,126.9,116.7,120.7,127.7,120.9,127.4,121.6,131.8,116.7,109.9,113.5,113.5,117.5,98.9,115.0,114.4,115.6,109.0,115.5,115.8,112.7,129.9,122.5,116.7,112,104.4,118.5,112.5,112.5,110.1,119.5,122.2,118.9,121.6,127.9,122.6,125.3,120.8,131.3,134,119.8,127.9,128.3,133.5,133.2,130.1,141.4,133.9,156.5,141.3,148.2,151,147.5,157.6,166,156.9,167.6,168.6,170.5,178.6,176
22,27260,3600,"Jacksonville, FL                                                                                                                                                ",N/A,N/A,N/A,N/A,N/A,N/A,N/A,N/A,N/A,N/A,N/A,N/A,N/A,N/A,N/A,N/A,N/A,N/A,N/A,N/A,N/A,N/A,N/A,N/A,N/A,N/A,N/A,N/A,N/A,N/A,N/A,N/A,N/A,N/A,N/A,N/A,N/A,N/A,N/A,N/A,N/A,N/A,N/A,N/A,118.5,121.0,124.8,111.9,112.7,130.3,156.7,132.4,137.7,148.3,158.9,135.5,136.3,135.8,164.6,144.0,142.9,156.2,185.6,158.1,172.9,180.7,208.9,179.6,178.9,181.4,205.9,165.2,164.6,203.2,190.3,153.6,154.0,159.3,145.0,135.8,122.0,123.0,118.9,105.0,95.7,89.9,86.5,90.0,75.0,85.0,80,79.9,82,95.3,94,100,99.9,115,120,120,112,115.3,122.5,122.7,118.5,133,127,134,127.3,140,139.9,143,143,152.5,155.2,155,157,168.4,163,155.3,160,172,175,177,180,185,195.5,200
23,28940,3840,"Knoxville, TN                                                                                                                                                   ",N/A,N/A,N/A,N/A,N/A,N/A,N/A,N/A,N/A,N/A,N/A,N/A,N/A,N/A,N/A,N/A,60.5,71.6,61.7,64.6,71.5,67.1,71.6,72.1,71.7,73.5,76.1,80.2,83.0,81.4,76.7,80.3,86.4,84.7,86.4,80.6,85.3,88.7,85.6,88.9,85.5,90.1,N/A,91.1,90.8,96.6,88.9,89.5,95.5,95.2,99.5,96.9,96.7,103.8,95.7,104.3,100.3,107.7,103.8,109.8,114.2,115.6,115.5,121.0,122.2,121.9,120.7,138.6,139.2,139.0,153.5,145.4,147.0,143.7,169.0,160.8,150.8,144.9,150.9,145.9,139.6,140.2,140.0,135.9,133.5,142.2,132.4,135.8,138.9,138.2,129.7,138.3,126.9,127.6,128,128,124.4,129.6,141.5,136.4,142.6,144.5,143.5,141.8,152.4,144.6,147.9,148.5,143.3,139,140.3,147.1,150.9,151.2,153.5,161.6,151.3,143.3,146.6,169.9,153.9,169.9,170.6,177.4,164.2,174.9,174.8,185.9
24,29820,4120,"Las Vegas-Henderson-Paradise, NV",60.2,54.5,59.7,59.4,59.6,67.2,66.5,65.5,73.0,69.5,69.2,72.2,72.6,73.9,72.5,78.2,76.3,77.2,70.7,74.5,73.1,77.0,73.2,74.3,73.4,75.8,75.4,77.1,74.9,78.1,77.7,79.8,78.0,78.7,80.7,77.3,78.5,75.0,83.5,80.0,85.3,85.8,N/A,83.7,86.4,85.0,87.3,86.4,88.8,91.7,93.6,95.4,93.9,94.8,101.4,104.6,105.7,105.4,110.3,112.1,123.9,148.8,172.7,171.1,181.0,189.5,197.7,200.9,198.9,204.1,205.1,199.0,202.4,195.3,188.2,178.5,160.3,144.8,126.2,91.2,75.2,66.4,67.6,68.5,65.0,68.0,63.6,60.7,59.8,52.2,55,55.9,56.2,59.8,70.1,70.1,74.9,82.8,90,93.1,94.8,103.1,105.9,98.8,106.4,107.3,107.6,103.9,114,115,117.4,116.5,119.3,132.5,138.5,141.8,154.2,161.7,169.1,174.5,167.8,170.1,174.7,175.2,179,184.9,192.7,195.7
25,31084,4480,"Los Angeles-Long Beach-Glendale, CA",226.6,243.7,153.3,144.5,148.0,146.8,147.6,152.1,125.0,143.4,210.6,201.1,212.3,204.7,201.4,197.4,185.6,187.8,175.5,179.3,168.1,174.9,163.8,152.0,150.4,150.0,152.1,153.7,138.4,127.8,133.2,131.0,136.6,140.7,140.1,141.7,150.7,156.0,158.3,157.8,153.8,148.7,N/A,143.1,110.6,127.6,126.9,131.3,165.2,235.5,194.9,218.3,212.4,233.6,216.3,217.2,234.6,258.6,266.3,273.8,260.9,322.5,328.9,345.7,353.9,386.3,406.2,398.8,404.6,410.5,384.5,402.0,393.2,411.6,388.8,363.7,343.7,327.8,282.2,240.6,220,213.9,232.5,222.1,231.7,230.6,220.5,233.1,206.1,244.9,223.1,223.8,220.4,228.2,287.8,280.6,291.1,336.8,362.2,362.9,363.5,385.8,394.4,380.2,375.8,487.4,402.8,409.8,406.4,435.7,414.7,420.4,383.7,427.8,437.4,431.5,446.5,480.6,459.8,460.1,463.1,473.9,468.4,474.7,473.6,474.6,536.4,516.4
26,31140,4520,"Louisville/Jefferson County, KY-IN                                                                                                                                    ",N/A,N/A,N/A,N/A,N/A,N/A,N/A,N/A,N/A,N/A,N/A,N/A,N/A,N/A,N/A,N/A,N/A,N/A,N/A,N/A,N/A,N/A,N/A,N/A,N/A,N/A,N/A,N/A,81.2,78.9,80.0,81.5,85.0,84.7,83.2,84.0,83.1,78.9,92.6,90.0,87.9,90.9,N/A,95.0,100.7,95.6,96.5,101.8,101.4,103.5,107.2,101.8,107.0,110.2,109.4,102.7,100.3,105.8,110.7,117.7,108.9,111.6,120.0,114.5,114.0,113.0,120.2,123.3,115.9,120.6,119.6,131.0,127.5,126.4,124.6,125.5,127.8,126.3,124.0,116.1,113.6,115.9,123.3,117.8,124.0,122.2,125.8,128.0,117.8,121.3,117.5,122.2,113.2,120.2,124.4,124.4,120.4,122.6,121.4,115.3,114.1,126.1,136.8,135.1,123.9,128.3,124.4,127.6,122.7,130.5,133.2,138.5,132.6,141.6,143.9,141.5,138.9,145.4,150.5,151.5,153.2,152.4,160.9,153.4,153.4,155.3,172,167.4
27,31540,4720,"Madison, WI                                                                                                                                                     ",N/A,N/A,N/A,N/A,N/A,N/A,N/A,N/A,N/A,N/A,N/A,N/A,N/A,N/A,N/A,N/A,N/A,N/A,N/A,N/A,N/A,N/A,N/A,N/A,N/A,N/A,N/A,N/A,N/A,N/A,N/A,N/A,N/A,N/A,N/A,N/A,N/A,N/A,N/A,N/A,N/A,N/A,N/A,N/A,N/A,N/A,N/A,N/A,N/A,N/A,N/A,N/A,136.8,141.4,140.5,150.9,147.7,146.5,152.8,164.1,160.0,157.2,160.1,165.7,164.4,164.5,158.5,170.6,175.7,165.9,158.0,183.8,169.0,169.0,165.0,178.0,172.4,159.8,169.0,162.4,152.3,151.3,147.1,147.7,140.1,147.1,160.9255512,146.3,147.4,153.4,160.3309987,154.990991,142.3051688,139.2559441,140.9089494,140.9189189,140.3093039,150.4203433,155.9709468,147.2612613,144.8,156.8,152.8,154,150.7,157.4,157.9,155.6,157.5,165.8,173.8,180,175.8,180.5,188.6,186.8,197.4,195.7,196.5,190.2,193.5,202.9,210,213.4,196.6,215.1,219.3,219.4
28,31700,4760,"Manchester-Nashua, NH ",,,,,,,,,,,,,,,,,,,,,,,,,,,,,,,,,,,,,,,,,,,,,,,,,,,,,,,,,,,,,,,,,,,,,,,,,,,N/A,N/A,171.9,177.1,175.2,174.9,142.2,153.6,163.8,N/A,171.8,165.6,157.3,158.9,141.9,150.7,153.1,147.2,130.3,144.9,151.4,151.4,141.5,154.8,164.6,154.8,154.2,161,160.5,149.3,153.5,170.4,164.5,164.8,163.9,173.7,174.9,170.4,175.2,178.4,189.9,180,174.9,197.2,193.3,204.3,192.2,214.9,203.8,209.1,222.8,222,231.3,237.3
29,33100,5000,"Miami-Fort Lauderdale-West Palm Beach, FL  ",54.2,59.6,58.8,55.7,57.4,55.7,57.3,54.6,54.4,58.1,58.5,53.9,54.3,57.1,56.5,54.8,55.5,58.6,59.5,57.0,56.5,59.2,57.7,57.2,55.7,61.8,62.1,58.7,60.2,62.5,62.2,60.6,60.8,63.2,64.7,63.6,64.0,69.6,67.7,67.8,68.8,71.4,72.5,70.9,76.5,78.5,77.3,76.4,81.9,85.7,89.7,88.9,96.3,106.5,111.6,104.6,117.7,123.9,125.3,129.0,137.7,155.0,144.9,150.3,167.5,359.8,198.9,196.3,220.1,219.9,191.0,202.2,237.7,240.0,187.2,190.1,175.0,180.0,159.9,130.0,106.0,105.0,100.0,105.0,91.3,95.5,85.0,82.0,79.0,89.0,87,89,90,105,104,110.1,115,128,135,135,140,145,145,145.5,149,156,155,155,159,168.5,170,167,170,182,180,182,183,198,190,190,190,202.5,200,200,209.9,215,223,230
30,33340,5080,"Milwaukee-Waukesha-West Allis, WI ",N/A,N/A,N/A,N/A,N/A,N/A,N/A,N/A,N/A,N/A,N/A,N/A,N/A,N/A,N/A,N/A,N/A,N/A,N/A,N/A,N/A,N/A,N/A,N/A,N/A,N/A,N/A,N/A,N/A,N/A,N/A,N/A,N/A,N/A,N/A,N/A,N/A,N/A,N/A,N/A,N/A,N/A,N/A,N/A,N/A,N/A,N/A,N/A,N/A,N/A,N/A,N/A,134.5,137.9,138.5,147.5,146.1,149.1,153.5,150.7,151.0,162.7,171.3,169.7,167.0,175.2,176.2,170.0,176.4,168.8,168.6,167.2,172.6,171.4,172.7,172.1,170.6,173.1,169.9,172.4,145.6,157.3,154.4,153.9,160.4,158.6,165.4,160.0,151.9,144.5,154.4,138.6,128.8,139.3,144,144,130.3,145.6,152,148.9,141.3,150.4,151.5,152.4,142.5,151.5,148.3,155.5,143.3,159.4,164.7,163.1,154.1,164.8,174.8,175.5,161.2,179,177.8,187.2,184.2,199.6,199,201.6,204.8,213.5,212.4,205.6
31,34820,34820,"Myrtle Beach-Conway-North Myrtle Beach, SC-NC",N/A,N/A,N/A,N/A,N/A,N/A,N/A,N/A,N/A,N/A,N/A,N/A,N/A,N/A,N/A,N/A,N/A,N/A,N/A,N/A,N/A,N/A,N/A,N/A,N/A,N/A,N/A,N/A,N/A,N/A,N/A,N/A,N/A,N/A,N/A,N/A,N/A,N/A,N/A,N/A,N/A,N/A,N/A,N/A,N/A,N/A,N/A,N/A,N/A,N/A,N/A,N/A,N/A,N/A,N/A,N/A,N/A,N/A,N/A,N/A,N/A,N/A,N/A,N/A,N/A,,,,,,,,,,,,,,,,130.0,125.1,136.8,126.1,120.8,119.9,117.2,116.9,108.3,117.0,106.4,106.6,99.3,113.7,102,109.1,102.3,109.7,114,113.7,101.2,109,105.6,111.3,102.6,112.7,113.5,111.1,108.4,110.2,118,117,120.4,118.8,121.7,124,122.7,125.5,129.9,133.3,124.9,132.7,137.4,136.3,132.6,139.8,148.2,153.1
32,35004,5380,"Nassau County-Suffolk County, NY                                                                                                          ",108.5,110.1,107.3,110.6,103.6,106.2,110.8,96.9,96.7,103.4,97.4,90.0,99.7,94.4,98.7,85.3,85.7,91.4,85.9,90.2,86.9,96.9,91.0,81.6,66.2,80.4,79.8,77.9,80.3,85.2,87.8,83.7,82.9,85.5,87.9,86.6,89.6,90.7,91.4,88.8,93.3,96.7,N/A,93.6,96.6,96.8,102.4,98.9,109.0,114.9,123.8,134.6,148.4,153.2,156.4,156.2,165.8,192.5,190.4,192.1,196.0,208.1,221.0,219.2,222.8,248.4,251.8,260.6,241.9,252.9,244.4,248.7,248.4,262.4,255.2,249.2,249.9,256.2,239.6,231.8,229.6,236.4,224.3,236.9,228.2,235.6,236.5,232.9,231.1,227.5,220,214.1,217.2,218.8,218.5,218.5,216.2,228.5,230.9,221,219.3,231.4,232.9,226.4,224.9,248.5,240,243,240.7,256.8,261.7,269.9,269,289.7,283.9,282.6,291.8,296.6,312.4,314.6,305.5,317.7,331.7,323.3,331.8,320.1,328.7,358.8
33,35300,5480,"New Haven-Milford, CT ",N/A,N/A,N/A,N/A,111.1,130.0,99.0,100.0,105.0,100.6,104.4,N/A,92.0,100.0,90.4,86.7,85.0,90.8,99.6,81.6,81.0,80.2,83.3,87.1,85.5,71.4,78.6,76.7,63.9,75.7,74.8,75.4,65.0,73.4,71.2,66.7,69.1,74.8,77.9,76.2,74.6,77.6,N/A,75.8,76.3,84.2,84.2,90.8,86.0,101.2,104.0,98.4,106.1,114.6,110.9,120.8,114.1,136.7,133.0,133.6,131.7,146.4,139.0,154.1,148.2,177.7,170.5,168.6,163.6,178.5,182.8,177.5,179.6,194.3,187.1,180.9,163.9,190.9,183.0,169.6,163.7,173.4,173.6,170.9,156.2,164.9,158.1,158.4,157.6,164.7,156.4,157.7,127.4,153.4,142.3,142.3,140,159.3,160,138,122.7,145.3,142.1,129.9,123.9,127.3,137.9,123.5,117.7,134.2,138.8,133,128,146.2,157.1,137.4,129.9,148.8,145.6,136.9,128.1,147.7,144.1,143.5,136.3,151.9,160.8,163.4
34,35380,5560,"New Orleans-Metairie, LA",N/A,N/A,N/A,N/A,N/A,N/A,N/A,N/A,N/A,N/A,N/A,N/A,N/A,N/A,N/A,N/A,38.9,42.4,39.8,45.4,42.8,43.6,44.8,45.8,46.8,54.0,59.7,47.6,52.9,56.5,57.7,55.0,54.4,60.8,74.4,60.3,63.3,64.0,64.9,57.2,72.8,79.7,70.9,70.6,72.3,74.2,76.9,76.5,76.4,79.4,94.9,85.4,96.5,97.0,99.9,101.3,107.5,102.9,108.8,101.9,115.7,133.3,127.6,118.9,126.7,136.6,194.9,169.3,138.0,160.8,162.3,120.8,126.7,141.7,142.6,142.4,146.1,164.3,153.6,140.9,143.2,156.5,145.3,139.2,162.8,150.3,153.5,140.3,130.9,150.5,132.7432501,144.6636558,156.6135421,160.8807212,157.7941926,145.4029931,154.2146476,163.7887194,166.3525217,153.2892571,155.2427453,169.690245,175,153.7,186,185,175.3,185,153.8,187.6,162.7,136.1,162.2,192.7,143.7,175.5,177.4,186.8,173.3,163.6,173.6,193.3,182.8,180.9,183.1,178.8,180.9,194.9
35,35614,875,"New York-Jersey City-White Plains, NY-NJ",,,,,,,,,,,,,,,,,,,,,,,,,,,,,,,,,,,,,,,,,,,,,,,,,,,,,,,,,,,,,,,,,,,,,281.5,316.8,296.2,293.8,290.9,292.4,298.3,281.0,292.0,285.7,283.9,269.4,248.2,249.1,270.4,256.2,252.8,276.5,314.4,249.3,241.3,233.9,248.8,226.3,210.2,231.5,227.9,230.6,220.3,226.7,241.3,229.8,227.5,252.6,249.7,219.7,197.2,257.3,269,250.9,242.3,260.7,260.6,261.7,257.6,269.7,274.1,277.1,279.9,284.5,294.6,293.6,286.2,298,314,297.4,305.2,307.7,298.5,310.2
36,35084,5640,"Newark, NJ-PA                                                                                                                                   ",N/A,N/A,N/A,N/A,N/A,N/A,N/A,N/A,N/A,N/A,N/A,N/A,N/A,N/A,N/A,N/A,N/A,N/A,N/A,N/A,N/A,N/A,N/A,N/A,N/A,N/A,N/A,N/A,128.2,132.5,142.7,140.9,133.2,137.4,144.4,141.2,120.9,133.9,136.5,142.8,138.8,143.1,144.9,152.9,155.5,150.6,153.2,162.6,153.4,161.4,185.1,200.9,189.9,197.8,207.2,227.6,222.9,240.0,248.8,260.6,257.6,278.8,287.9,276.7,290.4,299.0,320.9,319.4,314.2,328.9,330.3,309.8,292.4,305.7,299.4,296.7,304.6,295.0,292.5,274.7,270.6,267.7,276.7,261.7,263.9,275.9,288.6,273.6,258.5,265.0,280.4,247.7,252.7,274.5,259.9,237.6,242.5,250.5,259.8,250.7,239.7,263.2,278.4,252.2,254.5,271.6,266.3,247.7,255.2,265.1,261.5,254.1,244.9,266.1,277.4,260.3,260.2,275.6,271.6,256.6,258.9,281,284.1,274.9,273.7,287,292,302.2
37,35840,7510,"North Port-Sarasota-Bradenton, FL",101.0,116.3,94.8,106.3,102.3,108.8,97.6,113.8,109.1,108.3,106.4,98.6,96.9,113.5,102.1,101.2,109.2,112.7,100.6,94.6,107.5,110.4,102.5,100.5,110.9,102.8,109.1,107.4,114.9,117.5,109.5,112.7,111.9,110.7,110.9,116.8,118.6,135.3,143.8,118.3,133.6,99.0,N/A,128.6,N/A,145.0,102.0,N/A,N/A,140.0,144.1,N/A,163.1,177.7,172.8,188.1,205.0,179.5,N/A,161.0,167.8,164.3,156.4,187.1,211.2,209.9,212.3,291.4,280.3,220.4,195.2,221.5,315.4,212.6,194.9,212.4,205.0,210.0,170.8,169.0,130.0,145.1,149.0,144.0,136.0,142.5,128.5,132.0,125.0,130.0,126,120,132,137.5,135,139.8,136,150,153,160,157.5,167,168,167,174.3,180,180,182,180,196,190,195,205,204.5,195,220,220,218,215,215.5,220,225,218,229.9,240,233,239,260
38,35980,5520,"Norwich-New London, CT                                                                                                                                          ",N/A,N/A,N/A,N/A,N/A,N/A,N/A,N/A,N/A,N/A,N/A,N/A,N/A,N/A,N/A,N/A,N/A,N/A,N/A,N/A,N/A,N/A,N/A,N/A,N/A,N/A,N/A,N/A,N/A,N/A,N/A,N/A,N/A,N/A,N/A,N/A,N/A,N/A,N/A,N/A,N/A,N/A,N/A,N/A,N/A,N/A,N/A,N/A,78.6,N/A,90.7,77.2,N/A,95.0,93.5,114.0,119.4,N/A,129.6,128.7,128.1,152.1,143.0,147.6,149.4,159.4,155.3,181.5,189.5,180.9,185.4,187.8,N/A,174.9,191.0,182.7,182.2,186.1,167.8,160.0,167.2,169.2,157.9,166.6,176.1,155.3,184.9,158.7,149.9,138.6,121.6,132.2,N/A,128.3,143.7,143.7,125.9,118.3,142.3,109.3,113.3,124.9,110.7,111.5,117.6,133.5,146.5,131.6,128.7,132.9,136.3,144.4,137.4,152.9,129.9,114.5,135.5,157.6,131.5,142,122.2,159.6,130.8,128.9,138.5,170.3,151.6,151.7
39,37340,4900,"Palm Bay-Melbourne-Titusville, FL                                                                                                                               ",N/A,N/A,N/A,N/A,N/A,N/A,N/A,N/A,N/A,N/A,N/A,N/A,62.5,64.0,77.1,65.0,64.7,64.7,68.2,66.1,61.8,62.7,69.4,64.5,62.8,64.6,68.9,64.1,65.4,61.3,62.8,67.5,64.0,66.3,73.8,73.0,82.2,75.0,82.5,66.5,65.6,79.4,N/A,73.2,81.6,91.7,N/A,84.2,N/A,N/A,76.3,N/A,N/A,100.0,95.5,105.0,N/A,107.3,125.8,165.9,202.0,148.5,181.6,180.7,222.7,199.6,210.0,214.4,211.5,176.0,201.6,167.3,165.0,163.0,183.4,168.9,160.0,150.0,154.0,119.9,120.00,129.90,115.0,112.0,110.0,110.0,79.0,95.5,79.8,95.0,100,94,95,105.8,106,105,104,112.5,110,111,115,118,125,125,125,140,130.4,138,139,146,147,145,145,160,160,165,158,180,175,175,175,189.1,187,190,193,203,210,225
40,37980,6160,"Philadelphia-Camden-Wilmington, PA-NJ-DE-MD ",N/A,N/A,N/A,N/A,N/A,N/A,N/A,N/A,N/A,N/A,N/A,N/A,N/A,N/A,N/A,N/A,N/A,N/A,N/A,N/A,N/A,N/A,N/A,N/A,N/A,N/A,N/A,N/A,N/A,N/A,N/A,N/A,N/A,N/A,N/A,N/A,N/A,N/A,N/A,N/A,82.9,81.3,N/A,83.6,83.2,89.2,86.4,83.3,90.6,102.3,97.9,96.6,94.2,115.5,112.9,115.3,114.1,127.6,131.3,132.0,139.2,152.2,153.8,158.0,175.2,174.4,183.7,184.8,181.6,194.6,193.8,189.0,194.8,205.5,195.9,190.8,198.4,198.0,206.5,210.2,192.9,194.5,184.5,179.3,187.1,188.8,187.8,192.3,177.3,183.7,175.1,159.2,163,175.7,167.7,167.7,168.6,179.9,180.9,168.9,171,183.4,179.1,169.4,170.9,184.3,177.1,170.8,169.6,189.6,186.2,178.6,174,195,186.7,183.3,171.2,185.5,179.9,175.5,173.3,186.7,191.3,185.7,191,192.7,203.4,205.1
41,38060,6200,"Phoenix-Mesa-Scottsdale, AZ                                                                                                                                     ",49.8,50.6,48.9,50.9,55.8,57.8,54.7,53.7,53.0,56.3,53.7,53.3,53.0,56.2,54.8,57.2,56.0,59.7,59.6,61.0,58.9,62.9,58.9,61.2,62.9,62.9,64.0,64.3,65.8,66.6,66.2,69.7,68.7,72.8,72.0,72.6,75.7,76.1,74.3,77.5,79.0,79.8,N/A,80.4,82.6,85.2,85.5,84.2,89.8,89.7,88.7,87.9,92.5,96.4,93.8,98.9,102.5,100.4,102.0,108.2,107.8,112.4,111.3,116.4,130.1,151.3,168.7,175.6,179.6,189.6,181.6,176.5,181.4,192.3,184.9,183.1,189.8,182.5,158.8,138.9,113.0,104.1,100.2,94.6,88.3,87.5,73.3,68.9,71.0,67.7,65.8,66.1,72.9,86.8,89.8,89.8,96.8,107.8,105.8,110.2,108.2,106.2,106.3,116.1,118.6,122.6,118.8,124.4,124,137.3,135.2,137.2,146.6,151.4,149.1,152.4,160.8,167.4,167,170.2,172.8,175,178.1,189.1,200.9,196.6,207.3,217.6
42,38860,6400,"Portland-South Portland, ME                                                                                                                    ",N/A,N/A,N/A,N/A,N/A,N/A,N/A,N/A,N/A,N/A,N/A,N/A,N/A,N/A,N/A,N/A,N/A,N/A,N/A,N/A,N/A,N/A,N/A,N/A,N/A,N/A,N/A,N/A,N/A,N/A,N/A,N/A,N/A,N/A,N/A,N/A,N/A,N/A,N/A,N/A,N/A,N/A,N/A,N/A,N/A,N/A,N/A,N/A,N/A,N/A,N/A,N/A,N/A,N/A,N/A,N/A,158.8,150.9,181.4,176.9,172.6,204.3,206.0,214.8,204.5,217.1,201.2,207.9,222.4,204.5,205.8,206.4,192.2,192.5,206.8,201.2,177.1,197.3,204.8,199.2,196.9,190.0,176.9,182.9,178.3,192.4,182.9,177.1,200.0,199.0,200.6,198.8,187,186.8,201.1,201.1,174.9,197.7,195.4,215.6,220.9,205.5,215.7,199.5,204.8,208.7,205.1,221.5,200,217.8,228.2,244,220.5,222.4,228.6,240.4,234.6,245,260.2,251.4,269.4,261.9,259.7,261.7,291,283.3,291,299
43,38900,6440,"Portland-Vancouver-Hillsboro, OR-WA                                                                                                                         ",N/A,N/A,N/A,N/A,N/A,N/A,N/A,N/A,N/A,N/A,N/A,N/A,N/A,N/A,N/A,N/A,N/A,N/A,N/A,N/A,N/A,N/A,N/A,N/A,81.3,73.2,81.7,88.2,86.0,91.3,98.1,98.9,99.7,99.4,104.2,100.0,99.3,106.7,117.4,118.0,108.0,113.3,N/A,116.1,116.6,126.5,133.8,135.4,131.1,122.6,127.8,130.0,126.4,131.9,130.1,131.9,132.1,136.2,140.5,138.6,140.1,138.9,156.9,149.0,169.5,165.6,169.5,171.9,176.5,191.9,183.0,187.5,192.4,208.9,210.2,207.3,214.6,211.6,196.0,194.4,191.5,196.1,182.2,172.9,172.2,176.5,175.7,165.6,144.2,152.4,164.6,146.7,135.8,151.1,148.8,148.8,160.8,181.7,189.8,177.4,181.4,183.1,195.5,189.7,184.4,198.6,201.7,202.9,208.4,233.1,235,231.9,257.2,248.1,257.7,254.3,254.8,263.5,258.7,256.6,258.8,267.6,269.1,268.2,268.5,269.3,276,281.8
44,39300,6480,"Providence-Warwick, RI-MA",107.2,112.2,111.8,97.3,100.0,111.6,104.0,107.9,96.4,97.1,95.9,77.2,78.0,87.0,78.7,82.6,86.1,79.3,85.4,79.0,85.0,89.5,85.1,85.6,81.2,83.4,85.6,83.8,84.6,92.5,85.2,90.2,85.2,90.7,90.7,83.0,84.3,88.8,95.2,95.9,82.2,92.2,N/A,90.0,95.4,99.6,101.0,111.9,100.3,118.9,125.7,126.3,133.1,145.9,153.6,156.9,165.6,172.4,182.3,175.7,188.4,197.9,212.3,214.3,191.8,216.0,216.5,226.2,214.8,216.8,227.3,214.5,210.8,217.4,229.9,222.3,207.3,215.3,210.3,202.8,175.3,181.5,186.4,181.1,182.4,180.1,202.6,168.2,162.0,167.8,186.5,143.8,129.2,152.5,171.7,171.7,162,177.1,185.3,182.4,170.1,187.8,183,174.3,180.1,196.8,198.6,185.2,187.9,196.8,196.6,198.9,197.6,203.4,207.2,198.9,199.3,214.6,208.8,204.9,208.6,224,230.5,222.2,228.2,232.9,250.4,245.3
45,39900,6720,"Reno, NV",N/A,N/A,N/A,N/A,N/A,N/A,N/A,N/A,N/A,N/A,N/A,N/A,N/A,N/A,N/A,N/A,N/A,N/A,N/A,N/A,N/A,N/A,N/A,N/A,N/A,N/A,N/A,N/A,N/A,N/A,N/A,N/A,N/A,N/A,N/A,N/A,N/A,N/A,N/A,N/A,N/A,N/A,N/A,N/A,N/A,N/A,N/A,N/A,92.8,83.9,151.2,86.4,80.5,84.6,95.0,91.5,N/A,105.5,102.4,112.9,N/A,116.9,163.0,N/A,N/A,206.7,198.0,229.8,193.4,188.4,187.4,197.1,188.1,220.5,199.3,186.9,187.1,161.1,146.2,114.1,112.2,103.1,81.3,74.9,70.5,68.2,82.4,60.3,69.3,56.0,55.2,56.1,64.7,77.8,90,86.1,77.1,109.2,108.6,100.4,99.3,114.9,130.5,120,109.4,140.4,156.8,166.2,165.6,178.3,169.5,169.5,178.2,183.4,200.9,184.9,209.2,216,229,219.9,237.7,240,242.3,246.5,256.4,268.7,284.7,294.5
46,40060,6760,"Richmond, VA ",N/A,N/A,N/A,N/A,61.4,66.9,58.8,66.6,66.2,67.9,66.1,67.0,78.3,67.4,67.2,63.1,61.6,56.8,65.3,61.0,68.9,N/A,N/A,67.4,59.2,65.3,64.0,68.5,66.1,69.6,67.1,72.7,75.4,80.0,78.1,77.2,80.0,82.3,79.7,78.9,72.9,84.0,N/A,85.9,80.5,86.6,87.4,93.0,88.9,96.2,95.3,N/A,96.7,110.3,110.6,117.1,106.3,117.0,121.5,128.9,124.4,137.1,150.0,148.1,158.0,155.8,160.2,169.6,175.9,175.4,182.9,180.0,190.4,190.7,192.7,187.8,N/A,N/A,183.1,173.3,N/A,175.7,N/A,N/A,N/A,N/A,N/A,N/A,N/A,N/A,N/A,N/A,N/A,N/A,N/A,N/A,184.9,195.4,195.2,210.6,205.4,205.9,206.5,208.2,201.1,196.7,203.8,219.7,207.7,212.1,215.4,228.1,225.7,219.1,225.4,230,225.7,232.7,240.1,242.9,215.8,235,240.1,261.8,247.5,251,274,309.2
47,40140,6780,"Riverside-San Bernardino-Ontario, CA ",70.0,76.3,88.3,78.3,89.2,86.4,86.6,98.3,104.0,102.5,113.3,100.0,106.6,96.2,90.0,77.9,106.6,125.0,105.0,90.0,72.5,111.4,95.0,63.7,50.0,80.0,87.4,63.3,72.5,81.2,58.3,50.0,51.1,65.0,62.5,60.0,58.7,59.4,66.6,66.6,67.4,63.7,N/A,68.1,85.8,70.0,70.0,79.0,79.6,84.5,85.4,N/A,93.7,112.8,110.0,103.7,118.8,131.2,131.9,126.4,142.5,174.4,203.8,199.0,217.8,222.8,255.5,238.8,256.2,263.8,271.1,253.1,259.9,N/A,N/A,N/A,N/A,N/A,N/A,N/A,N/A,N/A,N/A,N/A,N/A,N/A,N/A,N/A,N/A,N/A,N/A,N/A,N/A,N/A,N/A,N/A,N/A,N/A,N/A,N/A,N/A,N/A,N/A,N/A,N/A,N/A,N/A,N/A,N/A,N/A,N/A,N/A,N/A,N/A,N/A,N/A,N/A,N/A,N/A,N/A,N/A,N/A,N/A,N/A,N/A,N/A,N/A,N/A
48,40380,6840,"Rochester, NY                                                                                                                                                   ",68.0,70.0,66.3,66.1,68.1,70.8,68.0,65.9,63.3,71.5,67.3,67.9,67.8,64.0,62.6,68.5,65.5,77.2,77.7,76.2,74.7,76.7,76.7,79.1,83.7,76.8,78.4,77.2,79.8,77.2,78.8,83.1,76.7,82.2,77.2,80.7,78.2,79.2,78.1,84.8,80.0,80.7,N/A,83.6,82.0,78.2,86.2,83.5,83.8,82.4,84.7,91.4,84.6,86.1,87.0,88.3,89.7,90.8,95.5,97.8,98.4,95.2,103.3,106.5,104.3,111.0,118.4,108.8,117.8,110.5,108.2,120.5,117.2,118.9,114.0,122.7,116.0,124.6,120.6,109.1,104.1,115.6,116.4,119.3,109.3,117.2,119.5,122.3,125.7,118.5,120.7,122.9,123.3,121.9,121.3,121.3,114.7,122.4,126.4,118.2,119.3,119,120.6,123.5,112.8,127.8,129.2,120.4,113.9,116.1,120.3,122.1,119.6,127.5,136.5,134.2,128.7,143.9,140.7,138.8,142.9,150.9,150.3,146,135.9,139.2,166.1,161.1
49,40900,6920,"Sacramento--Roseville--Arden-Arcade, CA",N/A,N/A,N/A,N/A,N/A,N/A,N/A,N/A,N/A,N/A,N/A,N/A,N/A,N/A,N/A,N/A,N/A,N/A,N/A,N/A,N/A,N/A,N/A,N/A,N/A,N/A,N/A,N/A,N/A,N/A,N/A,N/A,N/A,N/A,N/A,N/A,69.1,86.6,83.0,83.0,77.9,85.6,N/A,80.8,88.5,90.7,91.0,90.0,97.3,109.1,109.7,111.2,111.9,124.7,138.5,138.6,145.1,160.1,164.4,173.0,170.1,184.3,208.7,213.9,215.9,234.3,241.4,249.6,240.9,235.4,239.2,234.6,221.1,220.3,214.4,214.3,147.1,145.3,123.8,94.7,93.8,101.2,98.5,98.6,88.9,95.0,86.5,84.5,80.5,80.9,80.1,76.7,70.7,81.5,86.3,86.3,104.1,122,135.4,126.8,133.2,146.4,138,140.3,136.3,151.4,151.1,146,158.2,169.9,176,177.5,181.2,203.9,198.1,205.1,214.3,222,225.7,235.9,214.2,228.8,229.3,240.9,243.4,245.3,244,260.2
50,41620,7160,"Salt Lake City, UT                                                                                                                                              ",39.6,48.8,51.5,61.5,48.2,53.0,51.0,52.2,63.9,59.6,62.5,59.2,54.3,54.1,55.4,57.1,60.6,64.3,59.5,67.6,65.9,70.6,76.5,84.0,74.0,79.3,85.0,79.1,78.7,78.0,88.4,91.5,89.2,91.0,89.7,94.1,97.3,N/A,N/A,98.4,102.9,98.0,N/A,98.8,102.8,100.1,104.1,104.2,104.8,110.8,N/A,N/A,114.3,115.9,112.6,109.7,106.3,110.0,99.0,116.4,N/A,N/A,122.5,120.7,117.3,132.9,131.3,135.1,131.0,129.6,145.0,150.1,164.6,162.2,162.5,163.3,162.4,167.0,167.0,156.3,159.8,156.9,157.3,155.5,152.4,155.7,156.5,151.1,143.3,135.4,136.9,N/A,N/A,N/A,N/A,N/A,139.1,179.7,183.2,172.5,156.7,180,190.5,176,161.4,186.9,184.5,182.7,167.8,195.9,206.3,204.1,186.3,220.8,224,224.9,210.2,246.2,210.9,223.1,222,265.2,226.7,233,240,239.9,248.2,259.8
51,41740,7320,"San Diego-Carlsbad, CA",N/A,N/A,N/A,N/A,N/A,N/A,N/A,N/A,N/A,N/A,N/A,N/A,N/A,N/A,N/A,N/A,N/A,N/A,N/A,N/A,N/A,N/A,N/A,N/A,N/A,N/A,N/A,N/A,N/A,N/A,N/A,N/A,N/A,N/A,N/A,N/A,N/A,N/A,N/A,N/A,N/A,N/A,N/A,N/A,N/A,N/A,N/A,N/A,N/A,N/A,N/A,N/A,215.8,233.8,241.5,252.7,261.4,278.7,291.3,294.9,319.9,367.0,373.2,383.8,375.0,387.1,385.8,390.3,382.2,373.8,361.1,358.2,365.6,368.6,351.9,327.0,294.2,288.3,189.9,190.1,178.1,205.5,215.1,214.3,215.6,225.6,217.7,217.2,204.4,214.9,204.1,205.6,205.1,224.2,249.4,249.4,261.6,294.2,308.5,299.5,300.9,340.2,341.8,337.6,343.8,349.8,351,354.1,358.9,376.2,379.9,377.1,388.4,398.4,405.2,406.1,416.4,431.6,435.1,412.8,420.5,436,435.3,439.3,448.7,447.8,475,484
52,41860,7360,"San Francisco-Oakland-Hayward, CA",153.3,178.0,186.3,201.4,206.4,214.5,200.9,195.9,208.3,208.9,206.9,212.7,208.8,206.4,200.5,216.6,196.4,209.0,205.4,201.7,199.5,203.8,199.4,213.4,201.2,196.6,198.5,188.6,200.0,198.1,193.7,198.5,200.0,208.8,216.8,214.8,229.5,236.0,242.7,236.2,252.6,271.2,N/A,283.6,306.6,345.9,348.0,369.0,397.3,379.8,370.8,423.0,375.0,387.7,391.9,385.8,396.7,405.8,428.0,416.7,448.0,491.1,472.2,500.8,548.7,622.3,624.2,616.8,615.3,647.2,600.6,580.3,584.7,608.7,633.7,595.7,546.7,523.5,456.3,391.9,345.9,405.7,432.8,382.3,391.1,404.9,405.6,383.5,357.5,359.9,365.5,341.6,342.4,379.1,433.5,433.5,453.9,535.9,527.1,534.8,573.7,572.2,588.9,585,622.4,647.6,680,678.3,678.5,725.9,711,701.5,706.1,752.6,796.1,793.4,884.9,893.8,875.9,842.1,833.3,867.3,827.5,846.7,856.9,903.4,864.6,837.4
53,44140,8000,"Springfield, MA                                                                                                                                                 ",N/A,N/A,N/A,N/A,N/A,N/A,N/A,N/A,N/A,N/A,N/A,N/A,N/A,N/A,N/A,N/A,N/A,N/A,N/A,N/A,N/A,N/A,N/A,N/A,N/A,N/A,N/A,N/A,N/A,N/A,N/A,N/A,N/A,N/A,N/A,N/A,N/A,N/A,N/A,N/A,N/A,N/A,N/A,N/A,N/A,N/A,N/A,N/A,N/A,N/A,N/A,84.8,87.7,97.3,109.5,96.9,99.6,104.5,113.6,113.6,121.0,128.2,130.2,135.1,134.5,147.3,153.2,140.0,157.9,162.5,152.2,160.4,151.0,158.9,159.5,153.0,144.7,155.5,166.9,149.5,151.8,144.1,154.9,153.8,162.2,149.6,140.0,153.5,148.3,152.4,146.3,146.2,136.8,152.7,147.3,147.3,129.1,144.7,154.9,154.9,146.1,157.9,152.9,146.9,148.5,155.5,150.6,147.8,143.3,141.8,154,153.6,147.4,145.4,166.8,149.7,142.4,164.6,159.3,148.3,153.1,157.5,169.2,156.2,154.4,167.7,181.2,175
54,45060,8160,"Syracuse, NY                                                                                                                                                    ",N/A,N/A,N/A,N/A,N/A,N/A,N/A,N/A,N/A,N/A,N/A,N/A,N/A,N/A,N/A,N/A,N/A,N/A,N/A,N/A,80.0,71.6,80.0,82.8,63.7,74.2,76.1,80.0,78.7,84.4,85.6,88.5,98.3,73.7,90.0,79.2,78.3,82.0,81.1,78.9,92.5,83.5,N/A,76.2,75.0,73.1,78.5,81.6,86.6,83.3,88.7,104.0,77.1,76.7,86.9,86.7,85.0,88.1,90.0,120.6,114.9,99.2,108.5,141.2,117.4,140.0,144.7,133.9,145.4,142.9,146.0,134.9,122.2,123.0,151.4,126.9,111.1,145.0,144.0,N/A,114.9,117.4,125.5,129.9,143.3,130.6,150.7,130.9,128.8,161.2,132.2,114.9,112.7,126.9,118.5,118.5,131.1,120.9,132.9,138.5,116.2,142.7,126.2,131.3,116.6,113.4,121.1,121.1,124.9,118.2,117.1,136.6,108.3,124.1,135.9,149.3,133.3,153.3,151.6,138.7,126.6,124.9,152.4,132.8,120,157.4,144.9,181.2
55,45220,8240,"Tallahassee, FL",,,,,,,,,,,,,,,,,,,,,,,,,,,,,,,,,,,,,,,,,,,,,,,,,,,,,,,,,,,,,,,,,,,,,,,,,,,,,133.9,134.0,127.0,125.0,107.5,122.7,120.0,95.4,96.5,107.0,98.5,80.0,80.0,80.0,79.9,73,65,77,90,69.3,72.5,76,77.5,79.5,81,67,79.9,94.9,87,85,85,94.3,87.5,98,93.8,104.3,105.5,100,112.5,105,107.7,105,108,117,116,115.5,115.3,119.3,115,122,121.3,133.8
56,45300,8280,"Tampa-St. Petersburg-Clearwater, FL                                                                                                                             ",N/A,N/A,N/A,N/A,N/A,N/A,N/A,N/A,N/A,N/A,N/A,N/A,N/A,N/A,N/A,N/A,N/A,N/A,N/A,N/A,N/A,N/A,N/A,N/A,N/A,N/A,N/A,N/A,N/A,N/A,N/A,N/A,N/A,N/A,N/A,N/A,N/A,N/A,N/A,N/A,N/A,N/A,N/A,N/A,N/A,N/A,N/A,N/A,N/A,N/A,N/A,N/A,N/A,N/A,N/A,N/A,93.4,99.0,100.2,133.3,125.5,122.4,131.3,135.2,153.6,154.8,170.3,185.4,178.2,170.1,165.1,170.0,174.3,164.6,166.9,171.4,155.0,152.5,143.0,125.0,113.0,108.0,105.0,105.0,95.0,100.0,85.0,82.5,67.0,75.0,80,77.1,75.5,84.9,85.5,87.5,85,98,100.6,101,98,109.6,112,112,108,120,120,124,125,132,134.9,145.4,140,152.5,150,155,154,164.9,161,163.5,169.5,169.9,170,175,180,190,194.3,197.9
57,45780,8400,"Toledo, OH                                                                                                                                                      ",75.0,86.6,95.7,75.6,80.0,81.6,72.5,65.0,90.0,88.3,74.3,81.0,81.4,75.8,80.3,80.5,91.6,83.1,88.7,80.6,87.9,81.3,78.5,77.4,85.0,90.5,74.3,100.8,78.4,89.5,89.2,100.0,85.0,102.0,89.2,95.0,90.0,106.9,104.7,109.1,125.0,119.3,N/A,129.2,123.6,129.3,144.8,132.7,133.0,127.2,124.7,137.8,128.2,133.5,129.6,140.0,146.6,137.6,140.7,150.0,139.4,132.3,151.9,152.1,122.0,144.9,151.3,146.5,140.9,130.9,152.2,144.0,140.0,145.8,150.9,138.2,135.7,133.3,128.2,153.9,128.7,125.7,130.4,119.4,113.3,128.1,124.4,127.3,92.4,122.9,127.4,114.6,118.9,121.4,120,120,93.6,128.8,N/A,N/A,N/A,N/A,N/A,N/A,N/A,N/A,N/A,N/A,N/A,N/A,N/A,N/A,N/A,N/A,N/A,N/A,N/A,N/A,N/A,N/A,N/A,N/A,N/A,N/A,N/A,N/A,N/A,N/A
58,45940,8480,"Trenton, NJ                                                                                                                                            ",N/A,N/A,N/A,N/A,95.8,106.8,101.5,94.0,92.0,100.2,92.9,78.3,77.9,83.3,78.1,76.7,81.0,79.2,87.7,87.4,82.7,85.7,85.7,78.3,91.4,88.3,83.1,82.5,84.0,82.1,84.0,88.9,82.7,90.5,94.5,84.6,85.4,85.0,90.2,86.9,95.7,90.0,N/A,86.3,106.1,99.0,107.7,101.1,103.7,113.1,119.7,118.3,108.3,138.0,143.0,146.4,145.0,159.4,170.6,174.7,166.0,193.2,212.3,204.5,203.1,212.2,251.5,237.7,243.9,261.6,239.5,238.3,241.8,268.5,244.9,244.2,250.0,249.4,255.5,219.1,230.2,198.7,227.1,212.4,214.4,221.6,208.6,197.4,198.8,214.9,196.9,187.7,178.7,196.6,198.9,198.9,177.6,205.3,191.3,200,177.2,193.3,202,180.8,188.5,204.1,220.8,183.3,174.1,201.3,227.9,191.1,173,193.7,187.7,188.2,173.3,197.4,195.7,178.1,178.6,185.7,194.5,182.4,183.1,197.6,200,219.3
59,46060,8520,"Tucson, AZ                                                                                                                                                      ",N/A,N/A,N/A,N/A,N/A,N/A,N/A,N/A,N/A,N/A,N/A,N/A,N/A,N/A,N/A,N/A,N/A,N/A,N/A,N/A,N/A,N/A,N/A,N/A,N/A,N/A,N/A,N/A,N/A,N/A,N/A,N/A,N/A,N/A,N/A,N/A,N/A,N/A,N/A,N/A,N/A,N/A,N/A,N/A,N/A,N/A,N/A,N/A,N/A,N/A,N/A,N/A,97.2,104.4,101.9,108.3,112.3,114.4,112.3,115.3,114.7,123.1,119.6,127.2,135.8,154.7,155.9,158.0,160.6,171.2,155.0,159.7,158.7,153.8,150.8,128.0,135.4,143.3,135.7,115.5,123.3,102.5,N/A,98.1,89.2,N/A,97.9,93.9,93.5,96.4,89.3,85.7,98.8,104.4,96.9,96.9,100.9,109.1,108.4,110.5,118.7,107.1,113.9,114.9,119.1,122.9,116,121.5,122,128.4,118.8,124.8,137.2,135.2,130.6,139.1,144.5,139.7,140.1,151.7,151.5,152.8,156.9,156.6,167.4,168.4,169.8,179.5
60,46520,3320,"Urban Hololulu, HI                                                                                                                                               ",124.4,136.5,144.9,149.7,170.6,195.1,207.7,196.3,188.6,194.9,196.2,195.4,197.1,195.2,195.9,193.0,191.8,194.8,197.6,195.3,191.8,196.5,194.8,186.0,182.6,181.4,187.3,179.8,181.1,182.7,170.7,166.8,155.5,156.2,158.2,144.0,145.2,137.2,128.6,132.4,131.1,123.1,N/A,125.2,126.5,128.5,123.0,128.7,N/A,137.7,136.3,133.1,138.1,149.2,155.8,157.2,166.1,170.0,178.6,183.2,190.9,203.4,218.5,220.0,229.0,257.0,280.0,300.0,309.0,305.0,315.0,313.4,320.0,328.0,330.0,320.0,330.0,330.0,322.0,315.6,300.7,318.4,N/A,309.6,305.2,311.7,320.3,312.2,311.1,299.0,304.5,291.1,309.9,306.1,331,331,340,328,349.3,331.1,345,356.6,349.6,352.6,364.4,360.5,356.7,369.1,380.1,388.9,393.4,393.4,389.5,407.1,422.8,402.5,425.5,421.7,428.2,402.7,416,428.4,441.9,427.6,431.5,426,438.6,439.5
61,47260,5720,"Virginia Beach-Norfolk-Newport News, VA-NC ",N/A,N/A,N/A,N/A,N/A,N/A,N/A,N/A,N/A,N/A,N/A,N/A,N/A,N/A,N/A,N/A,N/A,N/A,N/A,N/A,N/A,N/A,N/A,N/A,N/A,N/A,N/A,N/A,N/A,N/A,N/A,N/A,N/A,N/A,N/A,N/A,N/A,N/A,N/A,N/A,N/A,N/A,N/A,N/A,N/A,N/A,N/A,N/A,N/A,N/A,N/A,N/A,N/A,N/A,N/A,N/A,N/A,N/A,N/A,N/A,132.9,144.7,139.7,153.6,168.1,183.0,184.7,153.2,159.7,172.6,174.0,174.9,173.2,179.7,175.9,175.4,190.0,190.0,200.5,195.0,189.0,195.0,190.0,185.0,178.0,191.0,198.9,189.9,172.0,172.8,170,165,160,167.25,172.2,165,159.125,173.4,173.4,170,162,169.75,180,170,160,180.5,179.5,180,173,191.5,190,190.5,189.4,196,179.9,188,215,200,190,195,200,200,192.5,205,209,218,230.8,225
62,47900,8840,"Washington-Arlington-Alexandria, DC-VA-MD-WV ",N/A,N/A,N/A,N/A,N/A,N/A,N/A,N/A,N/A,N/A,N/A,N/A,N/A,N/A,N/A,N/A,N/A,N/A,N/A,N/A,N/A,N/A,N/A,N/A,N/A,N/A,N/A,N/A,N/A,N/A,N/A,N/A,N/A,N/A,N/A,N/A,N/A,N/A,N/A,N/A,N/A,N/A,N/A,N/A,101.1,105.8,105.6,106.5,112.0,118.9,120.4,131.3,131.7,141.2,153.3,160.8,161.8,177.4,184.1,192.1,201.2,230.1,235.6,247.0,265.3,296.9,309.8,303.4,296.9,296.5,291.9,287.8,291.6,298.4,296.2,288.1,277.3,277.2,263.0,242.1,220.5,244.8,244.3,239.0,234.5,248.4,238.9,232.3,216.2,234.3,241.4,224.5,231.6,261.6,254.7,254.7,254.3,281.4,276.6,270,261.7,283,274.7,279.3,267.4,283.9,274.1,269.6,262,281.1,275.8,270.6,271.4,284.4,279.3,283.3,277.8,297.8,289.8,289,288.8,308.9,301,309.2,316.4,321.9,335.3,325.5
63,48620,9040,"Wichita, KS                                                                                                                                                     ",52.3,55.0,57.0,64.5,50.4,53.5,65.0,64.2,59.4,60.0,69.2,61.0,54.0,61.0,59.6,61.0,57.8,57.4,63.0,64.1,64.3,63.9,64.5,63.0,68.5,65.5,67.4,66.1,59.2,69.7,70.7,69.1,65.9,70.3,69.6,84.4,87.1,73.2,80.0,83.0,75.5,82.3,N/A,85.8,74.0,87.0,82.5,85.0,92.1,90.0,89.1,111.9,83.9,89.5,85.0,94.0,79.6,81.5,89.4,96.8,97.4,96.6,98.1,114.9,89.3,111.9,103.8,111.9,115.4,111.9,119.5,102.6,95.4,120.8,117.1,109.9,106.6,107.4,118.8,111.4,113.9,109.5,108.2,103.5,87.9,93.4,85.8,93.1,87.9,83.6,84.4,90,76.1,82.8,81.6,81.6,80.6,91.1,90,83.4,83.3,87.8,83.9,91.8,81.2,83.5,78.7,N/A,N/A,N/A,N/A,N/A,N/A,N/A,N/A,N/A,N/A,N/A,N/A,N/A,N/A,N/A,N/A,N/A,N/A,N/A,N/A,N/A
64,48900,48900,"Wilmington, NC Metropolitan Statistical Area",N/A,N/A,N/A,N/A,N/A,N/A,N/A,N/A,N/A,N/A,N/A,N/A,N/A,N/A,N/A,N/A,N/A,N/A,N/A,N/A,N/A,N/A,N/A,N/A,N/A,N/A,N/A,N/A,N/A,N/A,N/A,N/A,N/A,N/A,N/A,N/A,N/A,N/A,N/A,N/A,N/A,N/A,N/A,N/A,N/A,N/A,N/A,N/A,N/A,N/A,N/A,N/A,N/A,N/A,N/A,N/A,N/A,N/A,N/A,N/A,N/A,N/A,N/A,N/A,N/A,N/A,N/A,N/A,N/A,N/A,N/A,N/A,N/A,N/A,N/A,N/A,N/A,N/A,N/A,N/A,195.0,175.3,161.6,175.4,147.1,164.5,137.5,146.6,138.4,162.8,153.3,143.8,147.8,151.8,152,166.6,138.2,150,132.2,136.1,149.9,147.7,138.6,143.9,167.3,149.9,157.5,158.4,155.9,150.6,143,165.7,164.9,177.4,160,175.3,166.6,177.2,161.5,165.5,171.6,178.6,179.3,177.4,189.5,198.4,198.6,206.5
65,49180,49180,"Winston-Salem, NC",,,,,,,,,,,,,,,,,,,,,,,,,,,,,,,,,,,,,,,,,,,,,,,,,,,,,,,,,,,,,,,,,N/A,N/A,N/A,N/A,N/A,N/A,N/A,N/A,N/A,N/A,N/A,N/A,N/A,N/A,N/A,N/A,N/A,N/A,N/A,N/A,N/A,73.3,68.5,67.0,63.7,74.0,67.5,67.5,65.0,68.3,74.9,74.9,66.6,75.8,81.6,62.4,52.4,86.2,69.2,68.3,58.9,73.7,80,61.2,71.1,79.4,73.2,75.9,67.7,76.3,78.5,78.1,75.9,82.1,84.9,80,87.2,88,90.8,95.8,90,107.4,95.7,110.5
66,49340,9240,"Worcester, MA-CT                                                                                                                                                ",N/A,N/A,N/A,N/A,N/A,N/A,N/A,N/A,N/A,N/A,N/A,N/A,N/A,N/A,N/A,N/A,N/A,N/A,N/A,N/A,N/A,N/A,N/A,N/A,N/A,N/A,N/A,N/A,N/A,N/A,N/A,N/A,N/A,N/A,N/A,N/A,N/A,N/A,N/A,N/A,N/A,N/A,N/A,N/A,N/A,N/A,N/A,N/A,N/A,N/A,N/A,N/A,135.4,136.8,151.0,152.0,155.4,171.2,169.5,171.7,174.2,180.2,194.7,191.1,196.2,204.8,211.4,213.5,211.5,194.9,207.4,199.5,194.3,211.2,201.0,212.9,186.3,189.6,168.7,153.5,140.6,160.4,163.5,170.6,161.8,174.4,173.6,158.9,141.2,165.5,173.4,159.1,134.9,174.1,160.2,160.2,175.1,181.3,199.8,174.5,192.6,192,189.6,177.3,163.2,196.3,203.2,183.4,181.5,190.7,186.3,185.6,172.8,187.3,199.7,207.3,183.1,206.8,203.7,207.6,189.1,215.6,218.9,219.5,214.2,234.4,240.4,262
,,,,,,,,,,,,,,,,,,,,,,,,,,,,,,,,,,,,,,,,,,,,,,,,,,,,,,,,,,,,,,,,,,,,,,,,,,,,,,,,,,,,,,,,,,,,,,,,,,,,,,,,,,,,,,,,,,,,,,,,,,,,,,,,,,,
,,,,,,,,,,,,,,,,,,,,,,,,,,,,,,,,,,,,,,,,,,,,,,,,,,,,,,,,,,,,,,,,,,,,,,,,,,,,,,,,,,,,,,,,,,,,,,,,,,,,,,,,,,,,,,,,,,,,,,,,,,,,,,,,,,,
,,,,,,,,,,,,,,,,,,,,,,,,,,,,,,,,,,,,,,,,,,,,,,,,,,,,,,,,,,,,,,,,,,,,,,,,,,,,,,,,,,,,,,,,,,,,,,,,,,,,,,,,,,,,,,,,,,,,,,,,,,,,,,,,,,,
,,,,,,,,,,,,,,,,,,,,,,,,,,,,,,,,,,,,,,,,,,,,,,,,,,,,,,,,,,,,,,,,,,,,,,,,,,,,,,,,,,,,,,,,,,,,,,,,,,,,,,,,,,,,,,,,,,,,,,,,,,,,,,,,,,,
,,,,,,,,,,,,,,,,,,,,,,,,,,,,,,,,,,,,,,,,,,,,,,,,,,,,,,,,,,,,,,,,,,,,,,,,,,,,,,,,,,,,,,,,,,,,,,,,,,,,,,,,,,,,,,,,,,,,,,,,,,,,,,,,,,,
,,,,,,,,,,,,,,,,,,,,,,,,,,,,,,,,,,,,,,,,,,,,,,,,,,,,,,,,,,,,,,,,,,,,,,,,,,,,,,,,,,,,,,,,,,,,,,,,,,,,,,,,,,,,,,,,,,,,,,,,,,,,,,,,,,,
,,,,,,,,,,,,,,,,,,,,,,,,,,,,,,,,,,,,,,,,,,,,,,,,,,,,,,,,,,,,,,,,,,,,,,,,,,,,,,,,,,,,,,,,,,,,,,,,,,,,,,,,,,,,,,,,,,,,,,,,,,,,,,,,,,,
,,,,,,,,,,,,,,,,,,,,,,,,,,,,,,,,,,,,,,,,,,,,,,,,,,,,,,,,,,,,,,,,,,,,,,,,,,,,,,,,,,,,,,,,,,,,,,,,,,,,,,,,,,,,,,,,,,,,,,,,,,,,,,,,,,,
,,,,,,,,,,,,,,,,,,,,,,,,,,,,,,,,,,,,,,,,,,,,,,,,,,,,,,,,,,,,,,,,,,,,,,,,,,,,,,,,,,,,,,,,,,,,,,,,,,,,,,,,,,,,,,,,,,,,,,,,,,,,,,,,,,,
,,,,,,,,,,,,,,,,,,,,,,,,,,,,,,,,,,,,,,,,,,,,,,,,,,,,,,,,,,,,,,,,,,,,,,,,,,,,,,,,,,,,,,,,,,,,,,,,,,,,,,,,,,,,,,,,,,,,,,,,,,,,,,,,,,,
,,,,,,,,,,,,,,,,,,,,,,,,,,,,,,,,,,,,,,,,,,,,,,,,,,,,,,,,,,,,,,,,,,,,,,,,,,,,,,,,,,,,,,,,,,,,,,,,,,,,,,,,,,,,,,,,,,,,,,,,,,,,,,,,,,,
,,,,,,,,,,,,,,,,,,,,,,,,,,,,,,,,,,,,,,,,,,,,,,,,,,,,,,,,,,,,,,,,,,,,,,,,,,,,,,,,,,,,,,,,,,,,,,,,,,,,,,,,,,,,,,,,,,,,,,,,,,,,,,,,,,,
,,,,,,,,,,,,,,,,,,,,,,,,,,,,,,,,,,,,,,,,,,,,,,,,,,,,,,,,,,,,,,,,,,,,,,,,,,,,,,,,,,,,,,,,,,,,,,,,,,,,,,,,,,,,,,,,,,,,,,,,,,,,,,,,,,,
,,,,,,,,,,,,,,,,,,,,,,,,,,,,,,,,,,,,,,,,,,,,,,,,,,,,,,,,,,,,,,,,,,,,,,,,,,,,,,,,,,,,,,,,,,,,,,,,,,,,,,,,,,,,,,,,,,,,,,,,,,,,,,,,,,,
,,,,,,,,,,,,,,,,,,,,,,,,,,,,,,,,,,,,,,,,,,,,,,,,,,,,,,,,,,,,,,,,,,,,,,,,,,,,,,,,,,,,,,,,,,,,,,,,,,,,,,,,,,,,,,,,,,,,,,,,,,,,,,,,,,,
,,,,,,,,,,,,,,,,,,,,,,,,,,,,,,,,,,,,,,,,,,,,,,,,,,,,,,,,,,,,,,,,,,,,,,,,,,,,,,,,,,,,,,,,,,,,,,,,,,,,,,,,,,,,,,,,,,,,,,,,,,,,,,,,,,,
,,,,,,,,,,,,,,,,,,,,,,,,,,,,,,,,,,,,,,,,,,,,,,,,,,,,,,,,,,,,,,,,,,,,,,,,,,,,,,,,,,,,,,,,,,,,,,,,,,,,,,,,,,,,,,,,,,,,,,,,,,,,,,,,,,,
,,,,,,,,,,,,,,,,,,,,,,,,,,,,,,,,,,,,,,,,,,,,,,,,,,,,,,,,,,,,,,,,,,,,,,,,,,,,,,,,,,,,,,,,,,,,,,,,,,,,,,,,,,,,,,,,,,,,,,,,,,,,,,,,,,,
,,,,,,,,,,,,,,,,,,,,,,,,,,,,,,,,,,,,,,,,,,,,,,,,,,,,,,,,,,,,,,,,,,,,,,,,,,,,,,,,,,,,,,,,,,,,,,,,,,,,,,,,,,,,,,,,,,,,,,,,,,,,,,,,,,,
,,,,,,,,,,,,,,,,,,,,,,,,,,,,,,,,,,,,,,,,,,,,,,,,,,,,,,,,,,,,,,,,,,,,,,,,,,,,,,,,,,,,,,,,,,,,,,,,,,,,,,,,,,,,,,,,,,,,,,,,,,,,,,,,,,,
,,,,,,,,,,,,,,,,,,,,,,,,,,,,,,,,,,,,,,,,,,,,,,,,,,,,,,,,,,,,,,,,,,,,,,,,,,,,,,,,,,,,,,,,,,,,,,,,,,,,,,,,,,,,,,,,,,,,,,,,,,,,,,,,,,,
,,,,,,,,,,,,,,,,,,,,,,,,,,,,,,,,,,,,,,,,,,,,,,,,,,,,,,,,,,,,,,,,,,,,,,,,,,,,,,,,,,,,,,,,,,,,,,,,,,,,,,,,,,,,,,,,,,,,,,,,,,,,,,,,,,,
,,,,,,,,,,,,,,,,,,,,,,,,,,,,,,,,,,,,,,,,,,,,,,,,,,,,,,,,,,,,,,,,,,,,,,,,,,,,,,,,,,,,,,,,,,,,,,,,,,,,,,,,,,,,,,,,,,,,,,,,,,,,,,,,,,,
,,,,,,,,,,,,,,,,,,,,,,,,,,,,,,,,,,,,,,,,,,,,,,,,,,,,,,,,,,,,,,,,,,,,,,,,,,,,,,,,,,,,,,,,,,,,,,,,,,,,,,,,,,,,,,,,,,,,,,,,,,,,,,,,,,,
,,,,,,,,,,,,,,,,,,,,,,,,,,,,,,,,,,,,,,,,,,,,,,,,,,,,,,,,,,,,,,,,,,,,,,,,,,,,,,,,,,,,,,,,,,,,,,,,,,,,,,,,,,,,,,,,,,,,,,,,,,,,,,,,,,,
,,,,,,,,,,,,,,,,,,,,,,,,,,,,,,,,,,,,,,,,,,,,,,,,,,,,,,,,,,,,,,,,,,,,,,,,,,,,,,,,,,,,,,,,,,,,,,,,,,,,,,,,,,,,,,,,,,,,,,,,,,,,,,,,,,,
,,,,,,,,,,,,,,,,,,,,,,,,,,,,,,,,,,,,,,,,,,,,,,,,,,,,,,,,,,,,,,,,,,,,,,,,,,,,,,,,,,,,,,,,,,,,,,,,,,,,,,,,,,,,,,,,,,,,,,,,,,,,,,,,,,,
,,,,,,,,,,,,,,,,,,,,,,,,,,,,,,,,,,,,,,,,,,,,,,,,,,,,,,,,,,,,,,,,,,,,,,,,,,,,,,,,,,,,,,,,,,,,,,,,,,,,,,,,,,,,,,,,,,,,,,,,,,,,,,,,,,,
,,,,,,,,,,,,,,,,,,,,,,,,,,,,,,,,,,,,,,,,,,,,,,,,,,,,,,,,,,,,,,,,,,,,,,,,,,,,,,,,,,,,,,,,,,,,,,,,,,,,,,,,,,,,,,,,,,,,,,,,,,,,,,,,,,,
,,,,,,,,,,,,,,,,,,,,,,,,,,,,,,,,,,,,,,,,,,,,,,,,,,,,,,,,,,,,,,,,,,,,,,,,,,,,,,,,,,,,,,,,,,,,,,,,,,,,,,,,,,,,,,,,,,,,,,,,,,,,,,,,,,,
,,,,,,,,,,,,,,,,,,,,,,,,,,,,,,,,,,,,,,,,,,,,,,,,,,,,,,,,,,,,,,,,,,,,,,,,,,,,,,,,,,,,,,,,,,,,,,,,,,,,,,,,,,,,,,,,,,,,,,,,,,,,,,,,,,,
,,,,,,,,,,,,,,,,,,,,,,,,,,,,,,,,,,,,,,,,,,,,,,,,,,,,,,,,,,,,,,,,,,,,,,,,,,,,,,,,,,,,,,,,,,,,,,,,,,,,,,,,,,,,,,,,,,,,,,,,,,,,,,,,,,,
,,,,,,,,,,,,,,,,,,,,,,,,,,,,,,,,,,,,,,,,,,,,,,,,,,,,,,,,,,,,,,,,,,,,,,,,,,,,,,,,,,,,,,,,,,,,,,,,,,,,,,,,,,,,,,,,,,,,,,,,,,,,,,,,,,,
,,,,,,,,,,,,,,,,,,,,,,,,,,,,,,,,,,,,,,,,,,,,,,,,,,,,,,,,,,,,,,,,,,,,,,,,,,,,,,,,,,,,,,,,,,,,,,,,,,,,,,,,,,,,,,,,,,,,,,,,,,,,,,,,,,,
,,,,,,,,,,,,,,,,,,,,,,,,,,,,,,,,,,,,,,,,,,,,,,,,,,,,,,,,,,,,,,,,,,,,,,,,,,,,,,,,,,,,,,,,,,,,,,,,,,,,,,,,,,,,,,,,,,,,,,,,,,,,,,,,,,,
,,,,,,,,,,,,,,,,,,,,,,,,,,,,,,,,,,,,,,,,,,,,,,,,,,,,,,,,,,,,,,,,,,,,,,,,,,,,,,,,,,,,,,,,,,,,,,,,,,,,,,,,,,,,,,,,,,,,,,,,,,,,,,,,,,,
,,,,,,,,,,,,,,,,,,,,,,,,,,,,,,,,,,,,,,,,,,,,,,,,,,,,,,,,,,,,,,,,,,,,,,,,,,,,,,,,,,,,,,,,,,,,,,,,,,,,,,,,,,,,,,,,,,,,,,,,,,,,,,,,,,,
,,,,,,,,,,,,,,,,,,,,,,,,,,,,,,,,,,,,,,,,,,,,,,,,,,,,,,,,,,,,,,,,,,,,,,,,,,,,,,,,,,,,,,,,,,,,,,,,,,,,,,,,,,,,,,,,,,,,,,,,,,,,,,,,,,,
,,,,,,,,,,,,,,,,,,,,,,,,,,,,,,,,,,,,,,,,,,,,,,,,,,,,,,,,,,,,,,,,,,,,,,,,,,,,,,,,,,,,,,,,,,,,,,,,,,,,,,,,,,,,,,,,,,,,,,,,,,,,,,,,,,,
,,,,,,,,,,,,,,,,,,,,,,,,,,,,,,,,,,,,,,,,,,,,,,,,,,,,,,,,,,,,,,,,,,,,,,,,,,,,,,,,,,,,,,,,,,,,,,,,,,,,,,,,,,,,,,,,,,,,,,,,,,,,,,,,,,,
,,,,,,,,,,,,,,,,,,,,,,,,,,,,,,,,,,,,,,,,,,,,,,,,,,,,,,,,,,,,,,,,,,,,,,,,,,,,,,,,,,,,,,,,,,,,,,,,,,,,,,,,,,,,,,,,,,,,,,,,,,,,,,,,,,,
,,,,,,,,,,,,,,,,,,,,,,,,,,,,,,,,,,,,,,,,,,,,,,,,,,,,,,,,,,,,,,,,,,,,,,,,,,,,,,,,,,,,,,,,,,,,,,,,,,,,,,,,,,,,,,,,,,,,,,,,,,,,,,,,,,,
,,,,,,,,,,,,,,,,,,,,,,,,,,,,,,,,,,,,,,,,,,,,,,,,,,,,,,,,,,,,,,,,,,,,,,,,,,,,,,,,,,,,,,,,,,,,,,,,,,,,,,,,,,,,,,,,,,,,,,,,,,,,,,,,,,,
,,,,,,,,,,,,,,,,,,,,,,,,,,,,,,,,,,,,,,,,,,,,,,,,,,,,,,,,,,,,,,,,,,,,,,,,,,,,,,,,,,,,,,,,,,,,,,,,,,,,,,,,,,,,,,,,,,,,,,,,,,,,,,,,,,,
,,,,,,,,,,,,,,,,,,,,,,,,,,,,,,,,,,,,,,,,,,,,,,,,,,,,,,,,,,,,,,,,,,,,,,,,,,,,,,,,,,,,,,,,,,,,,,,,,,,,,,,,,,,,,,,,,,,,,,,,,,,,,,,,,,,
,,,,,,,,,,,,,,,,,,,,,,,,,,,,,,,,,,,,,,,,,,,,,,,,,,,,,,,,,,,,,,,,,,,,,,,,,,,,,,,,,,,,,,,,,,,,,,,,,,,,,,,,,,,,,,,,,,,,,,,,,,,,,,,,,,,
